Price,Close,High,Low,Open,Volume
Ticker,GOOG,GOOG,GOOG,GOOG,GOOG
Datetime,,,,,
2024-11-20 14:30:00+00:00,175.5399932861328,179.08999633789062,175.3300018310547,178.9698944091797,2944961
2024-11-20 15:30:00+00:00,175.97999572753906,176.7449951171875,175.4499969482422,175.5399932861328,1381454
2024-11-20 16:30:00+00:00,176.4197998046875,177.05999755859375,175.8300018310547,175.9600067138672,1021349
2024-11-20 17:30:00+00:00,176.6300048828125,176.77999877929688,176.14010620117188,176.39999389648438,927306
2024-11-20 18:30:00+00:00,176.1699981689453,176.62460327148438,175.9600067138672,176.60000610351562,927738
2024-11-20 19:30:00+00:00,176.55999755859375,176.5749969482422,175.86000061035156,176.16000366210938,1091766
2024-11-20 20:30:00+00:00,177.30999755859375,177.49000549316406,176.59759521484375,176.59759521484375,1548217
2024-11-21 14:30:00+00:00,167.25999450683594,174.49000549316406,167.24749755859375,173.83999633789062,9563894
2024-11-21 15:30:00+00:00,166.55999755859375,167.4801025390625,165.32000732421875,167.25,6927640
2024-11-21 16:30:00+00:00,167.16000366210938,167.43499755859375,165.36000061035156,166.5800018310547,3730855
2024-11-21 17:30:00+00:00,168.16009521484375,168.34500122070312,167.08999633789062,167.1699981689453,3534572
2024-11-21 18:30:00+00:00,167.25999450683594,168.61000061035156,166.96499633789062,168.1999969482422,3324384
2024-11-21 19:30:00+00:00,168.80999755859375,169.02220153808594,167.05999755859375,167.27000427246094,2410594
2024-11-21 20:30:00+00:00,169.25,169.72999572753906,168.75999450683594,168.8000030517578,3382209
2024-11-22 14:30:00+00:00,166.63710021972656,168.25999450683594,165.7100067138672,167.16000366210938,6472331
2024-11-22 15:30:00+00:00,166.45899963378906,167.4499969482422,166.2100067138672,166.63999938964844,2833317
2024-11-22 16:30:00+00:00,166.97000122070312,167.10000610351562,166.13999938964844,166.4600067138672,2765903
2024-11-22 17:30:00+00:00,166.97000122070312,167.35000610351562,166.50999450683594,166.97000122070312,1678438
2024-11-22 18:30:00+00:00,166.8300018310547,167.13499450683594,166.51010131835938,166.9600067138672,1526641
2024-11-22 19:30:00+00:00,166.74000549316406,167.14999389648438,166.64999389648438,166.82000732421875,1861118
2024-11-22 20:30:00+00:00,166.5399932861328,166.9250030517578,166.5,166.72999572753906,2400864
2024-11-25 14:30:00+00:00,170.02000427246094,170.45599365234375,167.39999389648438,167.67999267578125,5100582
2024-11-25 15:30:00+00:00,169.6699981689453,170.17999267578125,169.16000366210938,170.00999450683594,1692911
2024-11-25 16:30:00+00:00,168.57000732421875,169.9799041748047,168.4499969482422,169.69000244140625,1212611
2024-11-25 17:30:00+00:00,168.7100067138672,168.88999938964844,167.9199981689453,168.57000732421875,1368563
2024-11-25 18:30:00+00:00,169.00999450683594,169.42999267578125,168.72000122070312,168.74000549316406,906080
2024-11-25 19:30:00+00:00,169.36000061035156,169.4250030517578,168.83999633789062,169.00999450683594,981804
2024-11-25 20:30:00+00:00,169.44000244140625,169.77999877929688,168.87010192871094,169.3699951171875,1952090
2024-11-26 14:30:00+00:00,169.67999267578125,170.8000030517578,169.42999267578125,169.42999267578125,3038555
2024-11-26 15:30:00+00:00,170.4600067138672,170.6699981689453,169.58999633789062,169.67999267578125,1595366
2024-11-26 16:30:00+00:00,170.7100067138672,170.99000549316406,170.39599609375,170.47999572753906,1338986
2024-11-26 17:30:00+00:00,171.1475067138672,171.42999267578125,170.58749389648438,170.7010040283203,943822
2024-11-26 18:30:00+00:00,170.9477996826172,171.4949951171875,170.7626953125,171.16000366210938,1048875
2024-11-26 19:30:00+00:00,171.07000732421875,171.19000244140625,170.75,170.92999267578125,1102354
2024-11-26 20:30:00+00:00,170.60000610351562,171.22000122070312,170.58999633789062,171.05999755859375,2293532
2024-11-27 14:30:00+00:00,170.5200958251953,171.10000610351562,169.6699981689453,170.6199951171875,2460904
2024-11-27 15:30:00+00:00,170.58999633789062,170.84500122070312,170.24000549316406,170.57000732421875,1206475
2024-11-27 16:30:00+00:00,170.5500030517578,170.97999572753906,170.08999633789062,170.5800018310547,1013365
2024-11-27 17:30:00+00:00,170.89480590820312,171.05990600585938,170.4398956298828,170.5399932861328,1098306
2024-11-27 18:30:00+00:00,170.78790283203125,171.1378936767578,170.77000427246094,170.8800048828125,778647
2024-11-27 19:30:00+00:00,170.87879943847656,170.99000549316406,170.66000366210938,170.78799438476562,726704
2024-11-27 20:30:00+00:00,170.89999389648438,171.0399932861328,170.7100067138672,170.8699951171875,941687
2024-11-29 14:30:00+00:00,169.57000732421875,170.3800048828125,168.75,170.22999572753906,2580856
2024-11-29 15:30:00+00:00,170.47999572753906,170.58999633789062,169.5399932861328,169.57000732421875,990909
2024-11-29 16:30:00+00:00,170.66749572753906,170.72000122070312,170.39999389648438,170.47999572753906,851339
2024-12-02 14:30:00+00:00,173.09500122070312,173.5500030517578,170.27000427246094,170.41000366210938,3905226
2024-12-02 15:30:00+00:00,172.47999572753906,173.47999572753906,172.25999450683594,173.09500122070312,1498955
2024-12-02 16:30:00+00:00,173.11000061035156,173.5399932861328,172.47000122070312,172.4971923828125,1287550
2024-12-02 17:30:00+00:00,172.77699279785156,173.36000061035156,172.76890563964844,173.1199951171875,876385
2024-12-02 18:30:00+00:00,172.77999877929688,173.08999633789062,172.58999633789062,172.77999877929688,736977
2024-12-02 19:30:00+00:00,172.94000244140625,173.07000732421875,172.5989990234375,172.75999450683594,946717
2024-12-02 20:30:00+00:00,172.97999572753906,173.60000610351562,172.82000732421875,172.94000244140625,1576629
2024-12-03 14:30:00+00:00,172.66000366210938,174.3000030517578,172.61000061035156,173.02999877929688,3973471
2024-12-03 15:30:00+00:00,173.63999938964844,173.6699981689453,172.50999450683594,172.6699981689453,1381507
2024-12-03 16:30:00+00:00,172.8800048828125,173.75,172.82000732421875,173.66000366210938,1195147
2024-12-03 17:30:00+00:00,172.8800048828125,173.0800018310547,172.6699981689453,172.89999389648438,776801
2024-12-03 18:30:00+00:00,172.94000244140625,173.0,172.6439971923828,172.8800048828125,745085
2024-12-03 19:30:00+00:00,172.5491943359375,173.03970336914062,172.52000427246094,172.9499969482422,887972
2024-12-03 20:30:00+00:00,173.00999450683594,173.10000610351562,172.52000427246094,172.52000427246094,1520871
2024-12-04 14:30:00+00:00,174.74000549316406,174.85000610351562,172.75,172.77999877929688,2941494
2024-12-04 15:30:00+00:00,175.4499969482422,175.6999969482422,174.67999267578125,174.74000549316406,1667653
2024-12-04 16:30:00+00:00,175.32000732421875,175.55999755859375,174.36000061035156,175.4600067138672,1024701
2024-12-04 17:30:00+00:00,175.96009826660156,175.96009826660156,174.89999389648438,175.3000030517578,786874
2024-12-04 18:30:00+00:00,176.00990295410156,176.14999389648438,175.6999969482422,175.97999572753906,1107172
2024-12-04 19:30:00+00:00,176.3699951171875,176.39999389648438,175.88499450683594,176.0,889152
2024-12-04 20:30:00+00:00,176.10000610351562,176.42999267578125,175.77000427246094,176.35000610351562,1665069
2024-12-05 14:30:00+00:00,175.856201171875,177.7100067138672,175.57000732421875,177.32400512695312,2662272
2024-12-05 15:30:00+00:00,175.41000366210938,176.0800018310547,175.11990356445312,175.85000610351562,1405200
2024-12-05 16:30:00+00:00,175.5500030517578,175.55999755859375,175.14999389648438,175.38999938964844,1085044
2024-12-05 17:30:00+00:00,175.25,175.75999450683594,174.89999389648438,175.52999877929688,1247238
2024-12-05 18:30:00+00:00,175.1999969482422,175.52000427246094,175.14999389648438,175.24000549316406,889284
2024-12-05 19:30:00+00:00,174.6699981689453,175.36000061035156,174.60000610351562,175.2100067138672,1059960
2024-12-05 20:30:00+00:00,174.36000061035156,175.11000061035156,174.00999450683594,174.66600036621094,1742630
2024-12-06 14:30:00+00:00,176.0,176.27000427246094,173.63999938964844,173.67640686035156,2735537
2024-12-06 15:30:00+00:00,176.51499938964844,176.6405029296875,175.5500030517578,176.00999450683594,1310927
2024-12-06 16:30:00+00:00,176.3350067138672,176.83889770507812,176.03900146484375,176.52999877929688,911186
2024-12-06 17:30:00+00:00,176.5850067138672,176.6699981689453,176.11000061035156,176.35000610351562,818018
2024-12-06 18:30:00+00:00,175.97999572753906,176.6199951171875,175.97999572753906,176.5800018310547,777910
2024-12-06 19:30:00+00:00,176.110107421875,176.3800048828125,175.8800048828125,175.97999572753906,846892
2024-12-06 20:30:00+00:00,176.4199981689453,176.61000061035156,175.97999572753906,176.1300048828125,1649462
2024-12-09 14:30:00+00:00,176.17999267578125,177.13499450683594,175.39999389648438,175.71499633789062,3103817
2024-12-09 15:30:00+00:00,177.30999755859375,177.74000549316406,175.75,176.1699981689453,2040279
2024-12-09 16:30:00+00:00,177.74000549316406,177.99000549316406,177.1772003173828,177.3000030517578,1323752
2024-12-09 17:30:00+00:00,177.64999389648438,178.0399932861328,177.41000366210938,177.74000549316406,1603820
2024-12-09 18:30:00+00:00,177.02000427246094,177.86000061035156,176.94000244140625,177.63999938964844,2671130
2024-12-09 19:30:00+00:00,176.96499633789062,176.99000549316406,176.52000427246094,176.99000549316406,2606746
2024-12-09 20:30:00+00:00,177.0500030517578,177.19000244140625,176.72999572753906,176.97000122070312,2248744
2024-12-10 14:30:00+00:00,186.1199951171875,188.02999877929688,183.3699951171875,184.53500366210938,12930302
2024-12-10 15:30:00+00:00,183.67019653320312,186.1300048828125,182.6699981689453,186.11000061035156,3728211
2024-12-10 16:30:00+00:00,185.22999572753906,185.42799377441406,183.1999969482422,183.6699981689453,2558203
2024-12-10 17:30:00+00:00,185.8699951171875,185.92999267578125,184.80599975585938,185.23899841308594,2002807
2024-12-10 18:30:00+00:00,186.17739868164062,186.35000610351562,185.7949981689453,185.8800048828125,2169577
2024-12-10 19:30:00+00:00,185.94000244140625,186.17999267578125,185.08250427246094,186.14999389648438,3045683
2024-12-10 20:30:00+00:00,186.52000427246094,186.85000610351562,185.8800048828125,185.9499969482422,3135970
2024-12-11 14:30:00+00:00,193.35330200195312,195.2100067138672,186.25999450683594,186.8000030517578,13484424
2024-12-11 15:30:00+00:00,193.0554962158203,194.52000427246094,192.5500030517578,193.36000061035156,4783778
2024-12-11 16:30:00+00:00,195.14999389648438,195.27999877929688,192.8800048828125,193.0800018310547,4038936
2024-12-11 17:30:00+00:00,195.52999877929688,196.75,194.6999969482422,195.16990661621094,4136852
2024-12-11 18:30:00+00:00,194.2877960205078,195.8699951171875,194.08999633789062,195.52999877929688,3065669
2024-12-11 19:30:00+00:00,195.82000732421875,195.83999633789062,193.7899932861328,194.27000427246094,3545013
2024-12-11 20:30:00+00:00,196.72000122070312,196.88999938964844,195.1999969482422,195.82000732421875,3574922
2024-12-12 14:30:00+00:00,195.55999755859375,196.70530700683594,193.97000122070312,196.32000732421875,7107280
2024-12-12 15:30:00+00:00,195.72000122070312,196.2899932861328,195.10000610351562,195.55499267578125,2397326
2024-12-12 16:30:00+00:00,196.24000549316406,196.6595001220703,195.67999267578125,195.75,1829922
2024-12-12 17:30:00+00:00,195.9600067138672,196.38999938964844,195.8090057373047,196.22000122070312,1368280
2024-12-12 18:30:00+00:00,195.00999450683594,196.3000030517578,194.77000427246094,195.9600067138672,1984180
2024-12-12 19:30:00+00:00,194.1103057861328,195.36000061035156,194.02000427246094,195.0,2044291
2024-12-12 20:30:00+00:00,193.6300048828125,194.4499053955078,193.2899932861328,194.1199951171875,3707197
2024-12-13 14:30:00+00:00,192.72999572753906,194.33999633789062,192.42080688476562,192.75,4906023
2024-12-13 15:30:00+00:00,192.38999938964844,193.38999938964844,191.66940307617188,192.75,2423726
2024-12-13 16:30:00+00:00,192.99000549316406,193.33990478515625,192.38999938964844,192.38999938964844,1537998
2024-12-13 17:30:00+00:00,192.9394989013672,193.32000732421875,192.42129516601562,193.00999450683594,1036542
2024-12-13 18:30:00+00:00,193.1226043701172,193.2736053466797,192.6199951171875,192.92999267578125,1371153
2024-12-13 19:30:00+00:00,192.4199981689453,193.16000366210938,192.10000610351562,193.1199951171875,1352200
2024-12-13 20:30:00+00:00,191.38999938964844,192.4499053955078,191.25999450683594,192.42999267578125,1784699
2024-12-16 14:30:00+00:00,196.64999389648438,197.72999572753906,194.11000061035156,194.36500549316406,6879461
2024-12-16 15:30:00+00:00,199.1699981689453,199.49000549316406,196.62820434570312,196.64999389648438,4735516
2024-12-16 16:30:00+00:00,199.4250030517578,199.64990234375,198.06500244140625,199.1699981689453,2316409
2024-12-16 17:30:00+00:00,200.4499969482422,200.63999938964844,199.2169952392578,199.41000366210938,3004359
2024-12-16 18:30:00+00:00,199.22999572753906,200.52999877929688,199.13099670410156,200.44500732421875,1956040
2024-12-16 19:30:00+00:00,199.66000366210938,199.9499969482422,198.87010192871094,199.22000122070312,1515984
2024-12-16 20:30:00+00:00,198.13999938964844,199.7100067138672,197.66000366210938,199.63999938964844,3349132
2024-12-17 14:30:00+00:00,198.33999633789062,202.8800048828125,198.06500244140625,198.72000122070312,7165965
2024-12-17 15:30:00+00:00,199.2593994140625,199.75999450683594,197.41000366210938,198.39999389648438,2704072
2024-12-17 16:30:00+00:00,197.6999969482422,199.28900146484375,197.56629943847656,199.22000122070312,1893165
2024-12-17 17:30:00+00:00,198.92449951171875,199.0800018310547,197.55999755859375,197.72999572753906,1419122
2024-12-17 18:30:00+00:00,198.17999267578125,199.5500030517578,198.02000427246094,198.9199981689453,1232461
2024-12-17 19:30:00+00:00,197.25,198.27999877929688,196.88999938964844,198.17999267578125,1591065
2024-12-17 20:30:00+00:00,197.11000061035156,197.4669952392578,196.69000244140625,197.25,1895000
2024-12-18 14:30:00+00:00,197.4499969482422,198.6898956298828,194.860107421875,196.8300018310547,4385666
2024-12-18 15:30:00+00:00,197.1199951171875,197.7550048828125,196.5399932861328,197.47000122070312,1578260
2024-12-18 16:30:00+00:00,197.04989624023438,197.5800018310547,196.97000122070312,197.13999938964844,1012856
2024-12-18 17:30:00+00:00,197.00999450683594,197.39999389648438,196.85000610351562,197.03599548339844,1508882
2024-12-18 18:30:00+00:00,195.36000061035156,197.22999572753906,195.24000549316406,197.00999450683594,2042088
2024-12-18 19:30:00+00:00,192.13999938964844,195.8800048828125,192.02000427246094,195.3300018310547,3106671
2024-12-18 20:30:00+00:00,189.89999389648438,192.52999877929688,189.27999877929688,192.13999938964844,4307227
2024-12-19 14:30:00+00:00,191.92999267578125,194.60000610351562,191.58999633789062,193.27999877929688,6194268
2024-12-19 15:30:00+00:00,192.67999267578125,192.92999267578125,190.85000610351562,191.92999267578125,2628801
2024-12-19 16:30:00+00:00,191.47999572753906,192.8800048828125,191.47000122070312,192.69500732421875,1792761
2024-12-19 17:30:00+00:00,191.67999267578125,192.25,191.1300048828125,191.49000549316406,1555127
2024-12-19 18:30:00+00:00,191.61000061035156,192.27999877929688,191.2899932861328,191.6909942626953,1340909
2024-12-19 19:30:00+00:00,190.87449645996094,191.63999938964844,190.16000366210938,191.61900329589844,1706382
2024-12-19 20:30:00+00:00,189.67999267578125,191.0800018310547,189.52999877929688,190.88499450683594,2714946
2024-12-20 14:30:00+00:00,189.97000122070312,190.02000427246094,186.3800048828125,187.00999450683594,8553722
2024-12-20 15:30:00+00:00,192.0229949951172,192.05999755859375,189.83999633789062,189.9499969482422,1944664
2024-12-20 16:30:00+00:00,193.5500030517578,193.66000366210938,191.97500610351562,192.0,2410572
2024-12-20 17:30:00+00:00,192.32000732421875,193.6649932861328,192.32000732421875,193.5399932861328,1789192
2024-12-20 18:30:00+00:00,193.5,193.52000427246094,191.9499969482422,192.32000732421875,1621856
2024-12-20 19:30:00+00:00,193.5198974609375,194.13540649414062,193.27999877929688,193.52000427246094,1879686
2024-12-20 20:30:00+00:00,192.92999267578125,193.57000732421875,191.97999572753906,193.52000427246094,3457773
2024-12-23 14:30:00+00:00,192.52000427246094,195.4149932861328,191.64999389648438,194.02999877929688,3566846
2024-12-23 15:30:00+00:00,193.94009399414062,194.0,192.5,192.52499389648438,1549101
2024-12-23 16:30:00+00:00,194.97000122070312,195.6999969482422,193.6300048828125,193.97000122070312,1981460
2024-12-23 17:30:00+00:00,195.58999633789062,195.9600067138672,194.8800048828125,195.00999450683594,1233423
2024-12-23 18:30:00+00:00,195.95399475097656,195.9600067138672,195.35000610351562,195.61500549316406,880491
2024-12-23 19:30:00+00:00,195.5800018310547,196.2698974609375,195.24000549316406,195.9600067138672,1345870
2024-12-23 20:30:00+00:00,195.97000122070312,196.47999572753906,195.51519775390625,195.61000061035156,1513846
2024-12-24 14:30:00+00:00,196.7449951171875,197.01980590820312,195.1999969482422,196.375,2043440
2024-12-24 15:30:00+00:00,196.81500244140625,197.25999450683594,196.7050018310547,196.72999572753906,988724
2024-12-24 16:30:00+00:00,196.6699981689453,197.0,196.47000122070312,196.8000030517578,876225
2024-12-26 14:30:00+00:00,197.72000122070312,197.72950744628906,195.8699951171875,196.8988037109375,1724611
2024-12-26 15:30:00+00:00,197.44000244140625,198.16000366210938,197.25,197.6999969482422,873018
2024-12-26 16:30:00+00:00,197.30589294433594,197.7100067138672,197.16000366210938,197.4459991455078,659071
2024-12-26 17:30:00+00:00,197.625,197.75999450683594,196.8699951171875,197.3300018310547,616569
2024-12-26 18:30:00+00:00,197.38999938964844,197.73500061035156,197.27000427246094,197.61000061035156,540340
2024-12-26 19:30:00+00:00,197.8000030517578,198.02000427246094,197.3426055908203,197.39999389648438,614647
2024-12-26 20:30:00+00:00,197.0800018310547,197.82000732421875,196.99000549316406,197.8000030517578,900638
2024-12-27 14:30:00+00:00,192.72000122070312,196.8000030517578,192.07009887695312,196.39999389648438,3395972
2024-12-27 15:30:00+00:00,193.5,193.5299072265625,192.22000122070312,192.7100067138672,1294502
2024-12-27 16:30:00+00:00,192.31500244140625,193.4600067138672,191.9720001220703,193.4600067138672,1234137
2024-12-27 17:30:00+00:00,193.3699951171875,193.4499969482422,192.10000610351562,192.30999755859375,1010534
2024-12-27 18:30:00+00:00,193.9700927734375,194.27000427246094,193.32000732421875,193.38999938964844,917339
2024-12-27 19:30:00+00:00,193.98500061035156,194.71499633789062,193.72999572753906,193.99000549316406,940076
2024-12-27 20:30:00+00:00,194.1199951171875,194.7100067138672,193.52999877929688,193.97000122070312,1998904
2024-12-30 14:30:00+00:00,191.63999938964844,192.39529418945312,190.36000061035156,190.86500549316406,2893081
2024-12-30 15:30:00+00:00,192.14999389648438,192.89999389648438,191.4499969482422,191.6143035888672,1166608
2024-12-30 16:30:00+00:00,193.2899932861328,193.35499572753906,192.13999938964844,192.14010620117188,970018
2024-12-30 17:30:00+00:00,193.3054962158203,193.77999877929688,192.97869873046875,193.3000030517578,809460
2024-12-30 18:30:00+00:00,193.3000030517578,193.7799072265625,192.9219970703125,193.25,668444
2024-12-30 19:30:00+00:00,193.10000610351562,193.67999267578125,193.0782012939453,193.2899932861328,818526
2024-12-30 20:30:00+00:00,192.57000732421875,193.5800018310547,192.55999755859375,193.11000061035156,1382227
2024-12-31 14:30:00+00:00,192.52000427246094,193.2364959716797,191.9199981689453,193.07510375976562,2593360
2024-12-31 15:30:00+00:00,191.85989379882812,192.8000030517578,191.74000549316406,192.52000427246094,727067
2024-12-31 16:30:00+00:00,191.57000732421875,192.35000610351562,191.49000549316406,191.8300018310547,830836
2024-12-31 17:30:00+00:00,190.78500366210938,191.77000427246094,190.75999450683594,191.55499267578125,1241138
2024-12-31 18:30:00+00:00,190.75010681152344,191.50999450683594,190.63999938964844,190.77000427246094,1184376
2024-12-31 19:30:00+00:00,191.47999572753906,191.49000549316406,190.55999755859375,190.77499389648438,1192203
2024-12-31 20:30:00+00:00,190.44000244140625,191.6199951171875,189.5800018310547,191.47000122070312,3188181
2025-01-02 14:30:00+00:00,191.5800018310547,193.1999969482422,189.61000061035156,191.89500427246094,3999487
2025-01-02 15:30:00+00:00,191.42999267578125,191.6999969482422,190.5800018310547,191.58999633789062,2099925
2025-01-02 16:30:00+00:00,189.5229949951172,192.02999877929688,189.41610717773438,191.4199981689453,1710106
2025-01-02 17:30:00+00:00,190.0500030517578,190.21800231933594,188.7100067138672,189.50999450683594,2777829
2025-01-02 18:30:00+00:00,190.33999633789062,190.6300048828125,189.32000732421875,190.00999450683594,1177880
2025-01-02 19:30:00+00:00,190.39999389648438,190.75,189.83999633789062,190.33999633789062,1402906
2025-01-02 20:30:00+00:00,190.58999633789062,190.9282989501953,190.27000427246094,190.44000244140625,1690664
2025-01-03 14:30:00+00:00,192.06500244140625,194.5,191.35000610351562,192.7899932861328,3393757
2025-01-03 15:30:00+00:00,192.3798065185547,192.625,191.6199951171875,192.05999755859375,1752352
2025-01-03 16:30:00+00:00,193.24380493164062,193.77000427246094,192.2949981689453,192.35000610351562,909544
2025-01-03 17:30:00+00:00,193.66000366210938,193.67999267578125,192.97000122070312,193.2899932861328,709196
2025-01-03 18:30:00+00:00,193.5968017578125,193.7574005126953,193.20460510253906,193.6790008544922,751801
2025-01-03 19:30:00+00:00,193.39999389648438,193.9777069091797,193.2449951171875,193.58999633789062,879389
2025-01-03 20:30:00+00:00,193.0500030517578,193.42999267578125,192.7100067138672,193.42999267578125,1686817
2025-01-06 14:30:00+00:00,198.49000549316406,199.55999755859375,195.05999755859375,195.14999389648438,4642645
2025-01-06 15:30:00+00:00,199.22000122070312,199.33999633789062,198.00650024414062,198.5,1481293
2025-01-06 16:30:00+00:00,198.9635009765625,199.25999450683594,198.55999755859375,199.22000122070312,1278003
2025-01-06 17:30:00+00:00,198.83999633789062,199.0500030517578,198.35000610351562,198.9499969482422,993287
2025-01-06 18:30:00+00:00,197.4720001220703,198.89999389648438,197.27000427246094,198.82000732421875,1756053
2025-01-06 19:30:00+00:00,197.38999938964844,197.55999755859375,196.50999450683594,197.49000549316406,1109649
2025-01-06 20:30:00+00:00,198.0,198.05999755859375,197.0,197.36000061035156,1627575
2025-01-07 14:30:00+00:00,199.94679260253906,202.13999938964844,198.43499755859375,198.57000732421875,4621471
2025-01-07 15:30:00+00:00,199.58999633789062,199.70599365234375,197.5800018310547,199.2899932861328,2359875
2025-01-07 16:30:00+00:00,197.67820739746094,199.55999755859375,197.0399932861328,199.55999755859375,1400926
2025-01-07 17:30:00+00:00,197.7032928466797,197.77499389648438,196.60000610351562,197.66000366210938,903702
2025-01-07 18:30:00+00:00,197.63999938964844,197.88450622558594,196.89999389648438,197.68499755859375,809522
2025-01-07 19:30:00+00:00,196.27999877929688,197.70680236816406,196.02999877929688,197.69000244140625,1189004
2025-01-07 20:30:00+00:00,196.75,197.02000427246094,195.94000244140625,196.3000030517578,1521468
2025-01-08 14:30:00+00:00,195.97000122070312,197.63999938964844,193.75,193.94500732421875,3562766
2025-01-08 15:30:00+00:00,195.94000244140625,196.7299041748047,195.10000610351562,195.92999267578125,1360746
2025-01-08 16:30:00+00:00,195.6826934814453,196.89999389648438,195.57000732421875,195.92999267578125,1499175
2025-01-08 17:30:00+00:00,196.91009521484375,197.1999969482422,195.36000061035156,195.7100067138672,1048999
2025-01-08 18:30:00+00:00,196.85499572753906,197.02000427246094,195.82000732421875,196.91000366210938,863372
2025-01-08 19:30:00+00:00,195.38999938964844,196.83999633789062,195.1699981689453,196.83999633789062,934208
2025-01-08 20:30:00+00:00,195.4499969482422,195.52999877929688,194.8300018310547,195.38999938964844,1680052
2025-01-10 14:30:00+00:00,193.7899932861328,197.6199951171875,191.60000610351562,196.5,4280487
2025-01-10 15:30:00+00:00,193.82000732421875,195.625,193.25999450683594,193.8300018310547,2154952
2025-01-10 16:30:00+00:00,193.5399932861328,194.0800018310547,192.74000549316406,193.83999633789062,1149483
2025-01-10 17:30:00+00:00,195.13999938964844,195.32000732421875,193.38999938964844,193.55499267578125,1176078
2025-01-10 18:30:00+00:00,195.16000366210938,196.14999389648438,194.8300018310547,195.13999938964844,1131803
2025-01-10 19:30:00+00:00,193.30999755859375,195.14999389648438,193.2548065185547,195.14999389648438,1117352
2025-01-10 20:30:00+00:00,193.16000366210938,193.6999969482422,192.8300018310547,193.3000030517578,2048077
2025-01-13 14:30:00+00:00,190.74000549316406,191.75999450683594,188.66000366210938,191.33999633789062,4123230
2025-01-13 15:30:00+00:00,190.10499572753906,191.5800018310547,190.10499572753906,190.80999755859375,1375682
2025-01-13 16:30:00+00:00,190.74000549316406,190.98989868164062,190.02999877929688,190.10000610351562,1081161
2025-01-13 17:30:00+00:00,191.3699951171875,191.47000122070312,190.56500244140625,190.6999969482422,811941
2025-01-13 18:30:00+00:00,192.0449981689453,192.06500244140625,191.22500610351562,191.3699951171875,894762
2025-01-13 19:30:00+00:00,191.8699951171875,192.22999572753906,191.66000366210938,192.0500030517578,891711
2025-01-13 20:30:00+00:00,192.27999877929688,192.49000549316406,191.74000549316406,191.83999633789062,1277932
2025-01-14 14:30:00+00:00,192.14999389648438,193.27000427246094,191.67999267578125,192.5,2275119
2025-01-14 15:30:00+00:00,191.9499969482422,192.52999877929688,191.63999938964844,192.1699981689453,1058282
2025-01-14 16:30:00+00:00,190.97999572753906,192.17999267578125,190.39500427246094,191.94000244140625,814401
2025-01-14 17:30:00+00:00,191.41000366210938,191.46200561523438,190.30999755859375,190.97000122070312,800009
2025-01-14 18:30:00+00:00,191.69000244140625,191.94000244140625,191.2899932861328,191.39999389648438,742410
2025-01-14 19:30:00+00:00,190.17999267578125,191.8300018310547,189.63999938964844,191.67999267578125,976846
2025-01-14 20:30:00+00:00,191.0500030517578,191.07000732421875,189.94000244140625,190.19000244140625,1467355
2025-01-15 14:30:00+00:00,195.8699951171875,196.22000122070312,193.3350067138672,194.36000061035156,3114174
2025-01-15 15:30:00+00:00,195.74000549316406,196.3448028564453,195.30999755859375,195.8800048828125,1328460
2025-01-15 16:30:00+00:00,195.5399932861328,195.72999572753906,194.82000732421875,195.72999572753906,888687
2025-01-15 17:30:00+00:00,196.77499389648438,196.8300018310547,195.5,195.5500030517578,783546
2025-01-15 18:30:00+00:00,197.57449340820312,197.64999389648438,196.5500030517578,196.75999450683594,940421
2025-01-15 19:30:00+00:00,197.19000244140625,197.8000030517578,197.16000366210938,197.5800018310547,1242661
2025-01-15 20:30:00+00:00,196.99000549316406,197.47999572753906,196.83999633789062,197.19000244140625,1434553
2025-01-16 14:30:00+00:00,195.71499633789062,196.61000061035156,194.97999572753906,195.8249969482422,2820924
2025-01-16 15:30:00+00:00,196.7230987548828,196.9799041748047,195.5,195.6999969482422,1477095
2025-01-16 16:30:00+00:00,195.9199981689453,196.85000610351562,195.5500030517578,196.72999572753906,1129925
2025-01-16 17:30:00+00:00,195.4600067138672,195.92999267578125,195.41290283203125,195.92999267578125,960958
2025-01-16 18:30:00+00:00,195.45030212402344,195.5800018310547,194.75,195.4600067138672,1001568
2025-01-16 19:30:00+00:00,195.19000244140625,195.7100067138672,195.08999633789062,195.4600067138672,1025052
2025-01-16 20:30:00+00:00,194.3800048828125,195.306396484375,194.3000030517578,195.1699981689453,1355112
2025-01-17 14:30:00+00:00,196.177001953125,198.35000610351562,195.30999755859375,198.11000061035156,6833883
2025-01-17 15:30:00+00:00,197.6999969482422,197.77000427246094,195.84010314941406,196.13999938964844,1563528
2025-01-17 16:30:00+00:00,197.6199951171875,197.74330139160156,196.99000549316406,197.7100067138672,1770696
2025-01-17 17:30:00+00:00,198.2899932861328,198.80999755859375,197.4499969482422,197.61000061035156,953352
2025-01-17 18:30:00+00:00,197.55999755859375,198.4199981689453,197.44290161132812,198.2899932861328,1622899
2025-01-17 19:30:00+00:00,197.5500030517578,197.6699981689453,197.1699981689453,197.5850067138672,919632
2025-01-17 20:30:00+00:00,197.5800018310547,198.10000610351562,197.3800048828125,197.57000732421875,3972697
2025-01-21 14:30:00+00:00,201.72000122070312,203.83999633789062,199.7030029296875,200.50999450683594,5125332
2025-01-21 15:30:00+00:00,199.88999938964844,201.83999633789062,199.82000732421875,201.7100067138672,1365053
2025-01-21 16:30:00+00:00,201.08999633789062,201.16769409179688,199.44000244140625,199.8800048828125,1521457
2025-01-21 17:30:00+00:00,201.08999633789062,201.5,200.95140075683594,201.11000061035156,984751
2025-01-21 18:30:00+00:00,200.5460968017578,201.2899932861328,200.49000549316406,201.10000610351562,872343
2025-01-21 19:30:00+00:00,200.57260131835938,200.77999877929688,200.27999877929688,200.55999755859375,842614
2025-01-21 20:30:00+00:00,199.61000061035156,200.61000061035156,199.47999572753906,200.57000732421875,1614223
2025-01-22 14:30:00+00:00,201.07000732421875,202.1199951171875,200.42999267578125,200.5500030517578,4169274
2025-01-22 15:30:00+00:00,201.5500030517578,201.6300048828125,200.69000244140625,201.0800018310547,1493882
2025-01-22 16:30:00+00:00,201.91000366210938,201.99000549316406,201.3300018310547,201.5399932861328,1085810
2025-01-22 17:30:00+00:00,200.28500366210938,201.91799926757812,200.08999633789062,201.91000366210938,1012711
2025-01-22 18:30:00+00:00,199.5050048828125,200.77450561523438,199.42999267578125,200.3300018310547,1160241
2025-01-22 19:30:00+00:00,199.69000244140625,199.82989501953125,199.1999969482422,199.5030059814453,1484056
2025-01-22 20:30:00+00:00,199.99000549316406,200.38999938964844,199.52000427246094,199.69000244140625,1659789
2025-01-23 14:30:00+00:00,200.6300048828125,201.2899932861328,198.9481964111328,199.97000122070312,2668170
2025-01-23 15:30:00+00:00,201.91000366210938,201.94000244140625,200.5399932861328,200.625,2240927
2025-01-23 16:30:00+00:00,200.99009704589844,201.91000366210938,200.9199981689453,201.91000366210938,817043
2025-01-23 17:30:00+00:00,200.74000549316406,201.1999969482422,200.66000366210938,200.99000549316406,1018110
2025-01-23 18:30:00+00:00,197.9199981689453,200.89999389648438,196.82000732421875,200.75,2964288
2025-01-23 19:30:00+00:00,198.72999572753906,198.91000366210938,197.90499877929688,197.94000244140625,1198675
2025-01-23 20:30:00+00:00,199.58999633789062,199.60000610351562,198.47999572753906,198.77000427246094,1846692
2025-01-24 14:30:00+00:00,200.50900268554688,201.92999267578125,199.78419494628906,199.8699951171875,2897600
2025-01-24 15:30:00+00:00,201.1199951171875,201.2100067138672,200.0500030517578,200.4949951171875,1233819
2025-01-24 16:30:00+00:00,201.00999450683594,201.35000610351562,200.47000122070312,201.14999389648438,1161553
2025-01-24 17:30:00+00:00,201.62820434570312,201.83050537109375,200.9320068359375,200.97999572753906,1158625
2025-01-24 18:30:00+00:00,202.36000061035156,202.57000732421875,201.4499969482422,201.6300048828125,1117012
2025-01-24 19:30:00+00:00,201.5800018310547,202.44000244140625,201.4499969482422,202.35000610351562,1098430
2025-01-24 20:30:00+00:00,201.9199981689453,202.02999877929688,201.41000366210938,201.6199951171875,1488670
2025-01-27 14:30:00+00:00,197.2899932861328,197.3300018310547,194.19000244140625,194.19000244140625,7487311
2025-01-27 15:30:00+00:00,196.49000549316406,198.6699981689453,196.26499938964844,197.2899932861328,2429434
2025-01-27 16:30:00+00:00,195.66000366210938,196.8300018310547,195.13999938964844,196.47500610351562,2161079
2025-01-27 17:30:00+00:00,195.22000122070312,195.9600067138672,195.0500030517578,195.67999267578125,1416616
2025-01-27 18:30:00+00:00,195.72999572753906,195.8699951171875,194.89999389648438,195.2100067138672,1488185
2025-01-27 19:30:00+00:00,193.1300048828125,195.72999572753906,193.00999450683594,195.72999572753906,3223231
2025-01-27 20:30:00+00:00,193.75999450683594,193.94000244140625,192.70350646972656,193.14999389648438,2904136
2025-01-28 14:30:00+00:00,196.25999450683594,196.52999877929688,192.61000061035156,194.13009643554688,4416603
2025-01-28 15:30:00+00:00,196.27999877929688,197.07000732421875,195.66000366210938,196.25999450683594,1707822
2025-01-28 16:30:00+00:00,196.66000366210938,197.11000061035156,195.6999969482422,196.27000427246094,1128480
2025-01-28 17:30:00+00:00,196.6199951171875,196.83999633789062,196.38999938964844,196.6417999267578,995656
2025-01-28 18:30:00+00:00,196.61000061035156,196.99000549316406,196.50559997558594,196.6300048828125,902638
2025-01-28 19:30:00+00:00,196.92999267578125,197.22999572753906,196.39840698242188,196.6199951171875,1594457
2025-01-28 20:30:00+00:00,197.00999450683594,197.22000122070312,196.24000549316406,196.9499969482422,1889514
2025-01-29 14:30:00+00:00,195.75999450683594,198.0399932861328,195.19000244140625,197.36000061035156,2607191
2025-01-29 15:30:00+00:00,196.52999877929688,196.77999877929688,195.69000244140625,195.74000549316406,938410
2025-01-29 16:30:00+00:00,196.91000366210938,197.0850067138672,196.375,196.52999877929688,1929907
2025-01-29 17:30:00+00:00,196.7949981689453,196.90370178222656,195.97999572753906,196.89999389648438,0
2025-01-29 18:30:00+00:00,196.9600067138672,197.13999938964844,196.22000122070312,196.80499267578125,1203653
2025-01-29 19:30:00+00:00,198.13999938964844,198.45950317382812,196.76499938964844,196.92999267578125,1560602
2025-01-29 20:30:00+00:00,197.14999389648438,198.27999877929688,196.66000366210938,198.16000366210938,1342611
2025-01-30 14:30:00+00:00,201.6334991455078,203.2384033203125,199.75999450683594,199.75999450683594,4005699
2025-01-30 15:30:00+00:00,201.3000030517578,201.8000030517578,199.47999572753906,201.5800018310547,1519990
2025-01-30 16:30:00+00:00,201.07000732421875,202.02000427246094,201.0,201.2899932861328,1017878
2025-01-30 17:30:00+00:00,201.4600067138672,201.69000244140625,200.8800048828125,201.08999633789062,789198
2025-01-30 18:30:00+00:00,202.02000427246094,202.36000061035156,201.4600067138672,201.49000549316406,997467
2025-01-30 19:30:00+00:00,202.74000549316406,203.05999755859375,201.75,202.01300048828125,1365511
2025-01-30 20:30:00+00:00,202.60000610351562,202.97999572753906,201.94000244140625,202.7100067138672,2482182
2025-01-31 14:30:00+00:00,205.83999633789062,206.63999938964844,203.5800018310547,203.79800415039062,3808814
2025-01-31 15:30:00+00:00,206.1699981689453,206.77999877929688,205.77999877929688,205.82000732421875,1535299
2025-01-31 16:30:00+00:00,206.22000122070312,206.82000732421875,205.9499969482422,206.14999389648438,1327110
2025-01-31 17:30:00+00:00,206.5399932861328,207.0800018310547,205.89999389648438,206.22500610351562,1335035
2025-01-31 18:30:00+00:00,206.5200958251953,207.0500030517578,205.97999572753906,206.5,1418521
2025-01-31 19:30:00+00:00,205.14999389648438,206.72000122070312,204.8699951171875,206.52000427246094,1864364
2025-01-31 20:30:00+00:00,205.52000427246094,206.14999389648438,205.0,205.14999389648438,2064771
2025-02-03 14:30:00+00:00,203.99000549316406,204.5,201.66000366210938,202.21499633789062,5239249
2025-02-03 15:30:00+00:00,204.6654052734375,205.2100067138672,203.22000122070312,203.94500732421875,1834647
2025-02-03 16:30:00+00:00,204.1938018798828,205.22000122070312,203.85000610351562,204.66000366210938,1077337
2025-02-03 17:30:00+00:00,204.44000244140625,204.6300048828125,203.66189575195312,204.1999969482422,1104314
2025-02-03 18:30:00+00:00,204.2100067138672,204.6728057861328,203.97999572753906,204.47000122070312,1028879
2025-02-03 19:30:00+00:00,203.57000732421875,204.27000427246094,203.44000244140625,204.22999572753906,1158915
2025-02-03 20:30:00+00:00,202.6300048828125,203.75,202.4199981689453,203.58999633789062,1594429
2025-02-04 14:30:00+00:00,207.1634979248047,207.2899932861328,204.25999450683594,204.5,4968667
2025-02-04 15:30:00+00:00,207.35000610351562,208.22999572753906,206.64999389648438,207.1999969482422,2374361
2025-02-04 16:30:00+00:00,205.78500366210938,207.375,205.6199951171875,207.3300018310547,2134059
2025-02-04 17:30:00+00:00,207.1300048828125,207.49000549316406,205.52999877929688,205.80499267578125,1668798
2025-02-04 18:30:00+00:00,206.9149932861328,207.1300048828125,206.3300018310547,207.09080505371094,1564197
2025-02-04 19:30:00+00:00,207.0800018310547,207.93099975585938,206.60000610351562,206.9499969482422,2659070
2025-02-04 20:30:00+00:00,207.75999450683594,208.6999969482422,206.94000244140625,207.07000732421875,3638967
2025-02-05 14:30:00+00:00,190.27000427246094,194.54989624023438,189.91000366210938,192.86500549316406,17462324
2025-02-05 15:30:00+00:00,191.4949951171875,191.67100524902344,189.9700927734375,190.24000549316406,5354565
2025-02-05 16:30:00+00:00,192.5,193.32000732421875,191.31700134277344,191.47999572753906,4242302
2025-02-05 17:30:00+00:00,192.30999755859375,193.30499267578125,192.0500030517578,192.50999450683594,2973057
2025-02-05 18:30:00+00:00,191.7451934814453,193.16000366210938,191.55999755859375,192.31500244140625,2813543
2025-02-05 19:30:00+00:00,192.2198944091797,192.4700927734375,191.35000610351562,191.75,3330469
2025-02-05 20:30:00+00:00,193.3000030517578,193.52999877929688,191.52000427246094,192.1999969482422,4432809
2025-02-06 14:30:00+00:00,192.19000244140625,193.1699981689453,190.49000549316406,191.11000061035156,6854412
2025-02-06 15:30:00+00:00,192.5500030517578,192.8699951171875,191.72000122070312,192.17999267578125,2741784
2025-02-06 16:30:00+00:00,192.44009399414062,192.82000732421875,192.20120239257812,192.55999755859375,1640063
2025-02-06 17:30:00+00:00,193.32440185546875,193.4499969482422,192.31100463867188,192.47000122070312,1552559
2025-02-06 18:30:00+00:00,193.14500427246094,193.8300018310547,192.97000122070312,193.3300018310547,1563711
2025-02-06 19:30:00+00:00,192.63180541992188,193.3000030517578,192.1199951171875,193.16000366210938,1827803
2025-02-06 20:30:00+00:00,193.3350067138672,193.75,192.57000732421875,192.64999389648438,1972300
2025-02-07 14:30:00+00:00,188.14999389648438,193.01499938964844,187.8800048828125,192.7050018310547,8015159
2025-02-07 15:30:00+00:00,187.31619262695312,188.67999267578125,186.88999938964844,188.1199951171875,4244230
2025-02-07 16:30:00+00:00,185.44500732421875,187.49000549316406,185.11000061035156,187.34750366210938,3875821
2025-02-07 17:30:00+00:00,187.82850646972656,187.83999633789062,185.22000122070312,185.44000244140625,2476479
2025-02-07 18:30:00+00:00,187.3699951171875,188.17999267578125,186.8699951171875,187.80999755859375,2290224
2025-02-07 19:30:00+00:00,187.1237030029297,187.7899932861328,187.10000610351562,187.3699951171875,2085096
2025-02-07 20:30:00+00:00,187.19000244140625,187.4600067138672,186.89999389648438,187.1199951171875,2508441
2025-02-10 14:30:00+00:00,189.60000610351562,189.99000549316406,187.61000061035156,189.05999755859375,4461506
2025-02-10 15:30:00+00:00,188.97999572753906,189.89999389648438,188.82000732421875,189.60000610351562,1750732
2025-02-10 16:30:00+00:00,187.92660522460938,189.19740295410156,187.82000732421875,189.0,1432141
2025-02-10 17:30:00+00:00,188.52000427246094,188.61000061035156,187.89999389648438,187.93499755859375,1184283
2025-02-10 18:30:00+00:00,188.35780334472656,188.60989379882812,188.25,188.52000427246094,1030038
2025-02-10 19:30:00+00:00,188.39999389648438,188.54910278320312,188.25999450683594,188.33999633789062,1252259
2025-02-10 20:30:00+00:00,188.1999969482422,188.47999572753906,187.92999267578125,188.40499877929688,1574956
2025-02-11 14:30:00+00:00,188.1199951171875,188.8000030517578,186.55999755859375,186.8350067138672,2703596
2025-02-11 15:30:00+00:00,186.86000061035156,188.37010192871094,186.32000732421875,188.1199951171875,1757671
2025-02-11 16:30:00+00:00,186.6300048828125,187.11000061035156,186.0800018310547,186.83529663085938,1344325
2025-02-11 17:30:00+00:00,186.38999938964844,186.7550048828125,186.3300018310547,186.66000366210938,811465
2025-02-11 18:30:00+00:00,186.72000122070312,186.9199981689453,186.3800048828125,186.38999938964844,933830
2025-02-11 19:30:00+00:00,187.25999450683594,187.5399932861328,186.44000244140625,186.7100067138672,1226487
2025-02-11 20:30:00+00:00,187.10000610351562,187.27999877929688,186.5500946044922,187.25999450683594,1443151
2025-02-12 14:30:00+00:00,185.13499450683594,186.82000732421875,183.6300048828125,185.22999572753906,3414644
2025-02-12 15:30:00+00:00,184.41000366210938,185.77749633789062,184.24000549316406,185.13499450683594,1539592
2025-02-12 16:30:00+00:00,185.77000427246094,185.88999938964844,184.36000061035156,184.4199981689453,1259269
2025-02-12 17:30:00+00:00,185.68499755859375,186.4040069580078,185.52000427246094,185.77000427246094,1055264
2025-02-12 18:30:00+00:00,185.05999755859375,185.75259399414062,184.7899932861328,185.69500732421875,2563295
2025-02-12 19:30:00+00:00,185.2899932861328,185.8300018310547,185.06500244140625,185.06500244140625,1019971
2025-02-12 20:30:00+00:00,185.41000366210938,185.63999938964844,184.9550018310547,185.27999877929688,1372626
2025-02-13 14:30:00+00:00,186.0,186.3300018310547,184.88999938964844,185.97000122070312,2872251
2025-02-13 15:30:00+00:00,185.97999572753906,186.85000610351562,185.88499450683594,186.0,1470508
2025-02-13 16:30:00+00:00,185.75,186.19000244140625,185.4199981689453,185.99000549316406,1051418
2025-02-13 17:30:00+00:00,185.6699981689453,186.13999938964844,185.34500122070312,185.7449951171875,1091338
2025-02-13 18:30:00+00:00,186.1300048828125,186.1999969482422,185.3300018310547,185.6999969482422,1144848
2025-02-13 19:30:00+00:00,187.1699981689453,187.27999877929688,186.0751953125,186.13999938964844,1310796
2025-02-13 20:30:00+00:00,187.86000061035156,187.99000549316406,187.09500122070312,187.1699981689453,1454393
2025-02-14 14:30:00+00:00,186.60000610351562,188.14999389648438,186.2100067138672,186.8300018310547,3260220
2025-02-14 15:30:00+00:00,187.0500030517578,187.2698974609375,186.1999969482422,186.58999633789062,1395256
2025-02-14 16:30:00+00:00,186.24000549316406,187.1217041015625,186.16000366210938,187.05999755859375,1112384
2025-02-14 17:30:00+00:00,186.6699981689453,186.91000366210938,186.11000061035156,186.27000427246094,1068398
2025-02-14 18:30:00+00:00,187.00999450683594,187.24000549316406,186.6300048828125,186.64500427246094,900263
2025-02-14 19:30:00+00:00,186.97999572753906,187.05999755859375,186.6699981689453,187.02000427246094,1077278
2025-02-14 20:30:00+00:00,186.8800048828125,187.66000366210938,186.8000030517578,187.0,1550641
2025-02-18 14:30:00+00:00,185.58999633789062,187.77999877929688,185.3300018310547,187.3800048828125,5016083
2025-02-18 15:30:00+00:00,186.08999633789062,186.38999938964844,185.57000732421875,185.60000610351562,1441748
2025-02-18 16:30:00+00:00,185.31500244140625,186.30450439453125,185.30999755859375,186.08999633789062,1300545
2025-02-18 17:30:00+00:00,184.94500732421875,185.77000427246094,184.8699951171875,185.3249969482422,1468405
2025-02-18 18:30:00+00:00,184.36000061035156,185.0399932861328,183.5800018310547,184.93499755859375,2132068
2025-02-18 19:30:00+00:00,184.9499053955078,185.147705078125,184.1699981689453,184.36000061035156,1577491
2025-02-18 20:30:00+00:00,185.8000030517578,185.86000061035156,184.72999572753906,184.9199981689453,2756495
2025-02-19 14:30:00+00:00,186.11500549316406,186.6999969482422,185.5050048828125,186.18499755859375,2620942
2025-02-19 15:30:00+00:00,186.4199981689453,187.10000610351562,185.65989685058594,186.0937042236328,1482364
2025-02-19 16:30:00+00:00,186.35000610351562,186.86000061035156,186.33999633789062,186.41000366210938,887418
2025-02-19 17:30:00+00:00,186.6300048828125,186.8699951171875,186.21499633789062,186.35000610351562,1014441
2025-02-19 18:30:00+00:00,186.52999877929688,186.77000427246094,186.2899932861328,186.63999938964844,826880
2025-02-19 19:30:00+00:00,186.51919555664062,186.8000030517578,186.3699951171875,186.52999877929688,1119685
2025-02-19 20:30:00+00:00,187.13999938964844,187.36000061035156,186.47000122070312,186.5399932861328,1503409
2025-02-20 14:30:00+00:00,185.64999389648438,187.1199951171875,184.60000610351562,186.52000427246094,2766545
2025-02-20 15:30:00+00:00,185.80999755859375,186.1300048828125,184.99000549316406,185.64999389648438,1270462
2025-02-20 16:30:00+00:00,185.69000244140625,185.94000244140625,185.33999633789062,185.82000732421875,927783
2025-02-20 17:30:00+00:00,185.94000244140625,186.0299072265625,185.5850067138672,185.66050720214844,820925
2025-02-20 18:30:00+00:00,186.35000610351562,186.63999938964844,185.8699951171875,185.94000244140625,870318
2025-02-20 19:30:00+00:00,186.0399932861328,186.52000427246094,185.91000366210938,186.35000610351562,981249
2025-02-20 20:30:00+00:00,186.66000366210938,186.89999389648438,185.97000122070312,186.02999877929688,1954623
2025-02-21 14:30:00+00:00,185.05999755859375,187.4499969482422,184.9499969482422,187.27499389648438,3975932
2025-02-21 15:30:00+00:00,183.4949951171875,185.25,183.4199981689453,185.0500030517578,2384752
2025-02-21 16:30:00+00:00,183.22999572753906,183.47999572753906,182.6999969482422,183.47999572753906,2024271
2025-02-21 17:30:00+00:00,182.44009399414062,183.22999572753906,181.81900024414062,183.2050018310547,1910619
2025-02-21 18:30:00+00:00,182.0399932861328,182.83999633789062,181.89999389648438,182.4600067138672,1291516
2025-02-21 19:30:00+00:00,181.75999450683594,182.3300018310547,181.18190002441406,182.0500030517578,2210809
2025-02-21 20:30:00+00:00,181.5500030517578,181.99000549316406,181.1300048828125,181.77000427246094,2616487
2025-02-24 14:30:00+00:00,182.27520751953125,185.08999633789062,181.33999633789062,183.89999389648438,4894395
2025-02-24 15:30:00+00:00,182.55999755859375,183.05999755859375,181.82000732421875,182.25999450683594,1558690
2025-02-24 16:30:00+00:00,182.97000122070312,183.2178955078125,182.10000610351562,182.5800018310547,1149288
2025-02-24 17:30:00+00:00,182.86500549316406,183.14999389648438,182.4499969482422,182.9499969482422,1615807
2025-02-24 18:30:00+00:00,182.63999938964844,182.89999389648438,182.3699951171875,182.8800048828125,1058613
2025-02-24 19:30:00+00:00,182.16000366210938,182.77999877929688,182.1009979248047,182.64999389648438,1251444
2025-02-24 20:30:00+00:00,181.25,182.4199981689453,180.8800048828125,182.19000244140625,2643039
2025-02-25 14:30:00+00:00,177.59579467773438,180.75999450683594,177.50999450683594,180.15499877929688,4682461
2025-02-25 15:30:00+00:00,177.3699951171875,178.35000610351562,176.94000244140625,177.6199951171875,3014767
2025-02-25 16:30:00+00:00,178.81500244140625,179.00999450683594,176.77999877929688,177.3800048828125,2257124
2025-02-25 17:30:00+00:00,178.55999755859375,179.52000427246094,178.50999450683594,178.80999755859375,1433053
2025-02-25 18:30:00+00:00,178.5399932861328,179.53500366210938,178.46499633789062,178.5449981689453,1161201
2025-02-25 19:30:00+00:00,178.15499877929688,178.67999267578125,178.0540008544922,178.52000427246094,1892396
2025-02-25 20:30:00+00:00,177.39999389648438,178.19500732421875,177.0,178.15499877929688,2416371
2025-02-26 14:30:00+00:00,177.1300048828125,178.0800018310547,174.92999267578125,175.72500610351562,5425533
2025-02-26 15:30:00+00:00,177.36000061035156,177.75999450683594,176.97999572753906,177.1300048828125,2515046
2025-02-26 16:30:00+00:00,176.30029296875,177.41000366210938,176.0399932861328,177.375,2174873
2025-02-26 17:30:00+00:00,174.77999877929688,176.3800048828125,174.74000549316406,176.30999755859375,3028220
2025-02-26 18:30:00+00:00,174.27999877929688,175.2198944091797,174.1199951171875,174.75999450683594,2312069
2025-02-26 19:30:00+00:00,174.66000366210938,174.7899932861328,173.58999633789062,174.25999450683594,2658662
2025-02-26 20:30:00+00:00,174.67999267578125,175.02999877929688,174.35000610351562,174.64999389648438,2339872
2025-02-27 14:30:00+00:00,172.93499755859375,176.58999633789062,171.02999877929688,175.88600158691406,5629537
2025-02-27 15:30:00+00:00,172.97000122070312,173.6999969482422,171.67999267578125,172.91000366210938,2973542
2025-02-27 16:30:00+00:00,173.12010192871094,173.30999755859375,172.10000610351562,172.97000122070312,1887472
2025-02-27 17:30:00+00:00,172.77999877929688,173.44009399414062,172.24009704589844,173.13999938964844,1521816
2025-02-27 18:30:00+00:00,171.88999938964844,173.29559326171875,171.7899932861328,172.80999755859375,1517428
2025-02-27 19:30:00+00:00,170.4600067138672,171.91000366210938,170.42999267578125,171.91000366210938,2795351
2025-02-27 20:30:00+00:00,170.25999450683594,171.02000427246094,169.7519989013672,170.4499969482422,3793999
2025-02-28 14:30:00+00:00,171.22000122070312,171.8000030517578,168.38999938964844,170.3000030517578,7041406
2025-02-28 15:30:00+00:00,169.77999877929688,171.2086944580078,169.72999572753906,171.1999969482422,2716000
2025-02-28 16:30:00+00:00,170.4600067138672,171.02000427246094,169.6300048828125,169.75999450683594,1785506
2025-02-28 17:30:00+00:00,169.9503936767578,170.6199951171875,169.0399932861328,170.47999572753906,1982126
2025-02-28 18:30:00+00:00,169.32000732421875,170.2899932861328,168.9600067138672,169.9199981689453,3266873
2025-02-28 19:30:00+00:00,171.01499938964844,171.0500030517578,169.1699981689453,169.32000732421875,1891645
2025-02-28 20:30:00+00:00,172.16000366210938,172.5,170.3699951171875,171.02999877929688,3329730
2025-03-03 14:30:00+00:00,172.47999572753906,175.0,170.77999877929688,173.7100067138672,5575794
2025-03-03 15:30:00+00:00,171.97999572753906,172.7899932861328,171.77000427246094,172.47999572753906,1776438
2025-03-03 16:30:00+00:00,171.72999572753906,172.2407989501953,171.52000427246094,172.0,1458252
2025-03-03 17:30:00+00:00,170.0,171.8300018310547,169.92010498046875,171.75,1723618
2025-03-03 18:30:00+00:00,170.5489959716797,171.0,169.67999267578125,169.97500610351562,1784038
2025-03-03 19:30:00+00:00,168.0800018310547,171.0399932861328,167.92999267578125,170.5500030517578,2840631
2025-03-03 20:30:00+00:00,168.68499755859375,168.69000244140625,167.63999938964844,168.05999755859375,3211573
2025-03-04 14:30:00+00:00,168.3000030517578,169.9199981689453,167.55999755859375,168.4499969482422,7642841
2025-03-04 15:30:00+00:00,169.20660400390625,170.02999877929688,168.2050018310547,168.3000030517578,4418225
2025-03-04 16:30:00+00:00,172.7100067138672,173.11000061035156,169.1999969482422,169.23500061035156,3867169
2025-03-04 17:30:00+00:00,172.4199981689453,173.6199951171875,171.94000244140625,172.6699981689453,2321780
2025-03-04 18:30:00+00:00,173.99000549316406,174.1999969482422,172.1699981689453,172.41000366210938,1901336
2025-03-04 19:30:00+00:00,174.7100067138672,175.1649932861328,173.74000549316406,173.99000549316406,3011769
2025-03-04 20:30:00+00:00,172.66000366210938,174.77000427246094,171.63999938964844,174.7100067138672,3293815
2025-03-05 14:30:00+00:00,171.91000366210938,173.4199981689453,171.02769470214844,172.32000732421875,4297340
2025-03-05 15:30:00+00:00,171.90969848632812,172.58999633789062,171.125,171.92999267578125,1807762
2025-03-05 16:30:00+00:00,172.84500122070312,172.9199981689453,170.9499969482422,171.8300018310547,1633747
2025-03-05 17:30:00+00:00,174.11000061035156,174.99000549316406,172.80999755859375,172.8699951171875,2658932
2025-03-05 18:30:00+00:00,174.88999938964844,175.22500610351562,173.69000244140625,174.1199951171875,1464194
2025-03-05 19:30:00+00:00,175.47000122070312,175.66000366210938,174.6199951171875,174.875,1710987
2025-03-05 20:30:00+00:00,174.99000549316406,175.75,174.86000061035156,175.4250030517578,2362453
2025-03-06 14:30:00+00:00,176.3699951171875,176.47000122070312,172.50799560546875,172.5500030517578,4119818
2025-03-06 15:30:00+00:00,176.1999969482422,176.72999572753906,175.57000732421875,176.32000732421875,2222304
2025-03-06 16:30:00+00:00,173.8300018310547,176.61000061035156,173.44520568847656,176.14999389648438,2119625
2025-03-06 17:30:00+00:00,174.4199981689453,175.02000427246094,173.61000061035156,173.85000610351562,2082240
2025-03-06 18:30:00+00:00,173.72000122070312,174.67999267578125,173.53500366210938,174.42999267578125,1853670
2025-03-06 19:30:00+00:00,174.2899932861328,174.77999877929688,173.37139892578125,173.6999969482422,1857050
2025-03-06 20:30:00+00:00,174.25999450683594,174.63999938964844,173.74000549316406,174.30999755859375,1960360
2025-03-07 14:30:00+00:00,174.02000427246094,175.6699981689453,173.0800018310547,173.24200439453125,3304959
2025-03-07 15:30:00+00:00,173.02999877929688,174.13999938964844,172.60000610351562,174.02000427246094,2508046
2025-03-07 16:30:00+00:00,173.5800018310547,173.6199951171875,172.25,173.02999877929688,1784424
2025-03-07 17:30:00+00:00,175.26499938964844,175.8800048828125,173.30999755859375,173.5800018310547,1939583
2025-03-07 18:30:00+00:00,176.6699981689453,176.89999389648438,175.05999755859375,175.25999450683594,1395127
2025-03-07 19:30:00+00:00,175.73500061035156,176.87840270996094,175.4600067138672,176.74000549316406,1765900
2025-03-07 20:30:00+00:00,175.72000122070312,176.41000366210938,174.61000061035156,175.6999969482422,1721635
2025-03-10 13:30:00+00:00,168.2899932861328,170.4499969482422,167.94630432128906,170.16000366210938,5466753
2025-03-10 14:30:00+00:00,168.27000427246094,168.50999450683594,165.56500244140625,168.33999633789062,5071191
2025-03-10 15:30:00+00:00,167.7899932861328,168.8800048828125,167.00999450683594,168.25,2140910
2025-03-10 16:30:00+00:00,167.07000732421875,168.41000366210938,166.98500061035156,167.8699951171875,2450309
2025-03-10 17:30:00+00:00,166.44259643554688,167.25999450683594,166.07000732421875,167.08999633789062,2087743
2025-03-10 18:30:00+00:00,167.50999450683594,168.02000427246094,165.81019592285156,166.4600067138672,2833322
2025-03-10 19:30:00+00:00,167.85000610351562,168.44000244140625,167.1300048828125,167.47999572753906,4400910
2025-03-11 13:30:00+00:00,165.84500122070312,168.65499877929688,165.81500244140625,166.67999267578125,4282365
2025-03-11 14:30:00+00:00,166.4600067138672,167.0449981689453,165.3300018310547,165.8699951171875,2671798
2025-03-11 15:30:00+00:00,165.6300048828125,167.3300018310547,165.23500061035156,166.4600067138672,2273665
2025-03-11 16:30:00+00:00,163.56419372558594,165.92999267578125,163.55999755859375,165.64999389648438,2725405
2025-03-11 17:30:00+00:00,165.83790588378906,166.25,163.24000549316406,163.55999755859375,2500690
2025-03-11 18:30:00+00:00,167.0399932861328,168.3300018310547,165.4600067138672,165.80999755859375,3784489
2025-03-11 19:30:00+00:00,165.9199981689453,167.2299041748047,165.8800048828125,167.0800018310547,1996314
2025-03-12 13:30:00+00:00,167.12899780273438,169.3000030517578,165.47999572753906,168.4499969482422,4582114
2025-03-12 14:30:00+00:00,166.69590759277344,167.6699981689453,165.9929962158203,167.17559814453125,2172779
2025-03-12 15:30:00+00:00,167.9250030517578,168.22000122070312,166.42999267578125,166.76499938964844,1771814
2025-03-12 16:30:00+00:00,168.97000122070312,169.06100463867188,167.30499267578125,167.97999572753906,1648144
2025-03-12 17:30:00+00:00,168.97999572753906,169.2100067138672,167.5399932861328,168.94000244140625,1691591
2025-03-12 18:30:00+00:00,169.2899932861328,169.47999572753906,168.6699981689453,169.0,1475646
2025-03-12 19:30:00+00:00,169.02999877929688,169.52999877929688,168.5399932861328,169.3000030517578,1723913
2025-03-13 13:30:00+00:00,166.17999267578125,168.1199951171875,164.8000030517578,168.0,3650726
2025-03-13 14:30:00+00:00,165.48500061035156,167.0,165.14999389648438,166.2100067138672,1448661
2025-03-13 15:30:00+00:00,165.0800018310547,166.0800018310547,164.89999389648438,165.47000122070312,1573854
2025-03-13 16:30:00+00:00,164.66000366210938,165.6999969482422,164.22999572753906,165.1199951171875,1618919
2025-03-13 17:30:00+00:00,165.5,165.52999877929688,164.07000732421875,164.64999389648438,1455292
2025-03-13 18:30:00+00:00,164.69000244140625,166.10000610351562,164.50999450683594,165.5449981689453,1388365
2025-03-13 19:30:00+00:00,164.75,164.9149932861328,164.27999877929688,164.75999450683594,1946304
2025-03-14 13:30:00+00:00,165.1999969482422,166.4600067138672,164.50999450683594,165.67999267578125,4099020
2025-03-14 14:30:00+00:00,166.1999969482422,166.61000061035156,165.10000610351562,165.19000244140625,1969844
2025-03-14 15:30:00+00:00,166.5800018310547,167.2899932861328,166.13999938964844,166.22000122070312,2102332
2025-03-14 16:30:00+00:00,166.6300048828125,167.55999755859375,166.50999450683594,166.58999633789062,1469523
2025-03-14 17:30:00+00:00,166.8000030517578,166.93020629882812,166.1199951171875,166.6300048828125,1148476
2025-03-14 18:30:00+00:00,166.88999938964844,167.31500244140625,166.78199768066406,166.8000030517578,1377853
2025-03-14 19:30:00+00:00,167.52999877929688,168.25,166.89999389648438,166.89999389648438,2890329
2025-03-17 13:30:00+00:00,166.77000427246094,168.44000244140625,166.72999572753906,167.3249969482422,2987066
2025-03-17 14:30:00+00:00,166.375,167.22999572753906,166.3300018310547,166.74000549316406,1763622
2025-03-17 15:30:00+00:00,166.55999755859375,166.86000061035156,165.80999755859375,166.35000610351562,1601392
2025-03-17 16:30:00+00:00,166.8800048828125,167.0050048828125,166.36000061035156,166.5749969482422,1019637
2025-03-17 17:30:00+00:00,167.47000122070312,167.51499938964844,166.82000732421875,166.92999267578125,1162275
2025-03-17 18:30:00+00:00,167.14999389648438,167.67759704589844,166.8000030517578,167.47000122070312,1980825
2025-03-17 19:30:00+00:00,166.5800018310547,167.55499267578125,166.16000366210938,167.13999938964844,2611078
2025-03-18 13:30:00+00:00,159.1999969482422,166.44000244140625,159.08090209960938,165.9600067138672,7973295
2025-03-18 14:30:00+00:00,160.6750030517578,160.94000244140625,158.8000030517578,159.1999969482422,3965948
2025-03-18 15:30:00+00:00,162.4600067138672,162.49000549316406,160.5500030517578,160.66000366210938,1814793
2025-03-18 16:30:00+00:00,161.88499450683594,162.5,161.05999755859375,162.4199981689453,1811248
2025-03-18 17:30:00+00:00,162.08999633789062,162.398193359375,161.72000122070312,161.8800048828125,1247031
2025-03-18 18:30:00+00:00,162.5594024658203,162.85499572753906,161.89999389648438,162.13499450683594,1703317
2025-03-18 19:30:00+00:00,162.69000244140625,162.8592987060547,162.02000427246094,162.6199951171875,2028411
2025-03-19 13:30:00+00:00,163.94749450683594,164.7899932861328,163.05999755859375,163.9149932861328,2996939
2025-03-19 14:30:00+00:00,164.7100067138672,164.8300018310547,163.64999389648438,163.9550018310547,1730982
2025-03-19 15:30:00+00:00,165.17999267578125,165.24000549316406,164.4499969482422,164.72000122070312,1516098
2025-03-19 16:30:00+00:00,164.6699981689453,165.27000427246094,164.53500366210938,165.17999267578125,1401385
2025-03-19 17:30:00+00:00,165.64999389648438,165.92999267578125,164.39999389648438,164.69000244140625,2022042
2025-03-19 18:30:00+00:00,166.97999572753906,168.13340759277344,165.64999389648438,165.64999389648438,3680585
2025-03-19 19:30:00+00:00,166.3000030517578,168.1300048828125,166.11000061035156,166.97000122070312,3809013
2025-03-20 13:30:00+00:00,166.52999877929688,166.6199951171875,163.13999938964844,163.8249969482422,4108001
2025-03-20 14:30:00+00:00,166.30999755859375,167.02999877929688,166.0,166.52499389648438,2189499
2025-03-20 15:30:00+00:00,164.5399932861328,166.38499450683594,164.49000549316406,166.30650329589844,2154552
2025-03-20 16:30:00+00:00,164.3350067138672,165.09500122070312,164.3300018310547,164.5850067138672,1498081
2025-03-20 17:30:00+00:00,164.1649932861328,164.99600219726562,164.12600708007812,164.343994140625,1156620
2025-03-20 18:30:00+00:00,164.47779846191406,164.9600067138672,163.75999450683594,164.16000366210938,1700310
2025-03-20 19:30:00+00:00,165.0399932861328,165.4499969482422,164.47000122070312,164.47000122070312,2371249
2025-03-21 13:30:00+00:00,164.82000732421875,164.9499969482422,163.0500030517578,163.52999877929688,7169508
2025-03-21 14:30:00+00:00,164.52000427246094,165.6201934814453,164.4499969482422,164.83999633789062,1526113
2025-03-21 15:30:00+00:00,165.3699951171875,165.67999267578125,163.97000122070312,164.4949951171875,1359750
2025-03-21 16:30:00+00:00,164.9499969482422,165.77000427246094,164.8000030517578,165.3800048828125,1104797
2025-03-21 17:30:00+00:00,165.1199951171875,165.55999755859375,164.82000732421875,164.97000122070312,981501
2025-03-21 18:30:00+00:00,165.22000122070312,165.38999938964844,164.7740020751953,165.1199951171875,1261396
2025-03-21 19:30:00+00:00,166.25,166.47000122070312,165.10000610351562,165.2100067138672,3597568
2025-03-24 13:30:00+00:00,169.90499877929688,170.00999450683594,167.44000244140625,169.26499938964844,3858740
2025-03-24 14:30:00+00:00,169.3800048828125,170.0,169.33999633789062,169.91000366210938,1533346
2025-03-24 15:30:00+00:00,169.1199951171875,169.44000244140625,168.8699951171875,169.39999389648438,1393271
2025-03-24 16:30:00+00:00,169.2449951171875,169.52499389648438,168.97000122070312,169.10000610351562,1036721
2025-03-24 17:30:00+00:00,169.5399932861328,169.5500030517578,168.94000244140625,169.25,844418
2025-03-24 18:30:00+00:00,169.9600067138672,170.02999877929688,169.30999755859375,169.5500030517578,1341070
2025-03-24 19:30:00+00:00,169.80499267578125,170.3300018310547,169.5500030517578,169.97999572753906,2342961
2025-03-25 13:30:00+00:00,171.83999633789062,171.95880126953125,170.55999755859375,171.22000122070312,2857958
2025-03-25 14:30:00+00:00,172.41000366210938,172.7100067138672,171.60000610351562,171.83999633789062,1601113
2025-03-25 15:30:00+00:00,171.6199951171875,172.47500610351562,171.5500030517578,172.4199981689453,1067815
2025-03-25 16:30:00+00:00,171.77000427246094,172.30999755859375,169.92999267578125,171.6300048828125,853266
2025-03-25 17:30:00+00:00,172.25,172.2949981689453,171.66000366210938,171.77999877929688,908111
2025-03-25 18:30:00+00:00,172.27000427246094,172.5498046875,171.8800048828125,172.3000030517578,1158042
2025-03-25 19:30:00+00:00,172.77200317382812,172.91000366210938,172.24000549316406,172.25999450683594,1633492
2025-03-26 13:30:00+00:00,170.1999969482422,171.93960571289062,169.63999938964844,171.27999877929688,4064107
2025-03-26 14:30:00+00:00,170.55499267578125,170.9199981689453,169.9600067138672,170.17999267578125,1759408
2025-03-26 15:30:00+00:00,169.94000244140625,170.85000610351562,169.72999572753906,170.5500030517578,1604015
2025-03-26 16:30:00+00:00,168.77000427246094,170.0,168.68499755859375,169.94000244140625,1938936
2025-03-26 17:30:00+00:00,168.6699981689453,168.75999450683594,168.05499267578125,168.7449951171875,2294961
2025-03-26 18:30:00+00:00,167.1999969482422,168.64999389648438,167.16000366210938,168.64999389648438,4173675
2025-03-26 19:30:00+00:00,167.13999938964844,167.6199951171875,166.860595703125,167.1999969482422,3519766
2025-03-27 13:30:00+00:00,166.38800048828125,167.44000244140625,165.5500030517578,166.7239990234375,4181542
2025-03-27 14:30:00+00:00,165.8000030517578,166.60000610351562,165.7301025390625,166.39999389648438,3060445
2025-03-27 15:30:00+00:00,165.49000549316406,166.16000366210938,165.1999969482422,165.82000732421875,1938127
2025-03-27 16:30:00+00:00,164.93499755859375,165.77999877929688,164.88650512695312,165.47999572753906,1513714
2025-03-27 17:30:00+00:00,164.57000732421875,165.2855987548828,164.45249938964844,164.9250030517578,1949796
2025-03-27 18:30:00+00:00,164.9980010986328,165.07000732421875,164.3300018310547,164.5500030517578,1909191
2025-03-27 19:30:00+00:00,164.05999755859375,165.0,163.85000610351562,165.0,3214365
2025-03-28 13:30:00+00:00,160.0,163.80999755859375,159.7899932861328,162.3699951171875,6236961
2025-03-28 14:30:00+00:00,158.72000122070312,160.3800048828125,158.00999450683594,160.01499938964844,4383042
2025-03-28 15:30:00+00:00,157.7550048828125,158.9250030517578,157.69000244140625,158.67999267578125,3036712
2025-03-28 16:30:00+00:00,156.60000610351562,158.0399932861328,156.49000549316406,157.7550048828125,3304721
2025-03-28 17:30:00+00:00,156.85000610351562,157.42999267578125,156.30499267578125,156.5998992919922,3571452
2025-03-28 18:30:00+00:00,156.13999938964844,157.10000610351562,156.0,156.85000610351562,4642785
2025-03-28 19:30:00+00:00,156.00999450683594,156.2666015625,155.3394012451172,156.13999938964844,5431104
2025-03-31 13:30:00+00:00,153.14999389648438,155.49000549316406,152.2100067138672,154.89999389648438,7452118
2025-03-31 14:30:00+00:00,154.32000732421875,154.60000610351562,153.00999450683594,153.13999938964844,3158495
2025-03-31 15:30:00+00:00,155.63999938964844,155.77999877929688,154.00999450683594,154.27499389648438,3106500
2025-03-31 16:30:00+00:00,155.41000366210938,155.95419311523438,154.63180541992188,155.63999938964844,1961283
2025-03-31 17:30:00+00:00,155.9149932861328,155.9149932861328,154.77000427246094,155.4199981689453,2225677
2025-03-31 18:30:00+00:00,156.0,156.3800048828125,155.60000610351562,155.91000366210938,2173355
2025-03-31 19:30:00+00:00,156.1199951171875,157.1199951171875,155.89500427246094,155.97000122070312,4049948
2025-04-01 13:30:00+00:00,157.57000732421875,157.77490234375,155.2550048828125,155.2550048828125,5131626
2025-04-01 14:30:00+00:00,159.24000549316406,159.57000732421875,157.50999450683594,157.5500030517578,2987758
2025-04-01 15:30:00+00:00,159.32839965820312,160.0800018310547,159.07000732421875,159.2449951171875,2352853
2025-04-01 16:30:00+00:00,158.82009887695312,159.527099609375,158.63999938964844,159.3249969482422,1632711
2025-04-01 17:30:00+00:00,157.60000610351562,159.1300048828125,157.39999389648438,158.80999755859375,1670358
2025-04-01 18:30:00+00:00,158.13999938964844,158.53500366210938,157.57000732421875,157.60000610351562,1579109
2025-04-01 19:30:00+00:00,158.8699951171875,159.14999389648438,158.10000610351562,158.14999389648438,1987484
2025-04-02 13:30:00+00:00,158.25999450683594,158.8896942138672,156.52999877929688,156.9600067138672,3395704
2025-04-02 14:30:00+00:00,158.6300048828125,158.80999755859375,157.9250030517578,158.25,1583754
2025-04-02 15:30:00+00:00,159.0500030517578,159.25,158.02499389648438,158.6199951171875,1462878
2025-04-02 16:30:00+00:00,159.97000122070312,160.27499389648438,158.8699951171875,159.0800018310547,1533798
2025-04-02 17:30:00+00:00,157.92999267578125,159.97000122070312,157.92999267578125,159.9600067138672,1675210
2025-04-02 18:30:00+00:00,158.4499969482422,158.55999755859375,157.67999267578125,157.91000366210938,1717257
2025-04-02 19:30:00+00:00,158.72999572753906,159.03500366210938,158.27000427246094,158.4499969482422,2375651
2025-04-03 13:30:00+00:00,153.68499755859375,154.3300018310547,152.30999755859375,152.8350067138672,7744304
2025-04-03 14:30:00+00:00,153.70989990234375,154.1750030517578,152.17999267578125,153.6699981689453,3668224
2025-04-03 15:30:00+00:00,154.27999877929688,154.46499633789062,153.3800048828125,153.69000244140625,2856923
2025-04-03 16:30:00+00:00,153.91000366210938,154.68719482421875,153.5800018310547,154.3300018310547,2273002
2025-04-03 17:30:00+00:00,153.1999969482422,154.27000427246094,152.94000244140625,153.8800048828125,1836192
2025-04-03 18:30:00+00:00,152.93719482421875,153.75,152.83999633789062,153.19000244140625,2788083
2025-04-03 19:30:00+00:00,152.64999389648438,153.5500030517578,152.4600067138672,152.94000244140625,3168887
2025-04-04 13:30:00+00:00,150.72340393066406,153.08999633789062,149.89999389648438,149.89999389648438,8064006
2025-04-04 14:30:00+00:00,150.60690307617188,152.35000610351562,148.1999969482422,150.74000549316406,6520231
2025-04-04 15:30:00+00:00,150.12989807128906,151.5850067138672,149.8000030517578,150.64999389648438,4122066
2025-04-04 16:30:00+00:00,149.86000061035156,151.0,148.74000549316406,150.10000610351562,2745596
2025-04-04 17:30:00+00:00,149.6999969482422,151.03500366210938,149.32000732421875,149.85499572753906,2582612
2025-04-04 18:30:00+00:00,150.11000061035156,150.4499969482422,148.5500030517578,149.72000122070312,3071098
2025-04-04 19:30:00+00:00,147.63999938964844,151.10499572753906,147.5500030517578,150.07000732421875,4876113
2025-04-07 13:30:00+00:00,147.36000061035156,154.92250061035156,142.66000366210938,144.17999267578125,14652237
2025-04-07 14:30:00+00:00,146.22000122070312,151.1999969482422,145.05499267578125,147.3800048828125,8135477
2025-04-07 15:30:00+00:00,148.0050048828125,149.1699981689453,146.1999969482422,146.36000061035156,3895554
2025-04-07 16:30:00+00:00,149.9949951171875,150.0500030517578,146.75,147.97999572753906,3124829
2025-04-07 17:30:00+00:00,149.47000122070312,151.13999938964844,148.8699951171875,149.97500610351562,3437441
2025-04-07 18:30:00+00:00,148.02999877929688,150.58999633789062,147.88999938964844,149.46499633789062,3263489
2025-04-07 19:30:00+00:00,149.24000549316406,149.77000427246094,148.02999877929688,148.0500030517578,4497747
2025-04-08 13:30:00+00:00,153.8300018310547,154.44000244140625,152.1199951171875,153.5749969482422,7257340
2025-04-08 14:30:00+00:00,151.8800048828125,154.25999450683594,151.32000732421875,153.8350067138672,3959934
2025-04-08 15:30:00+00:00,151.10000610351562,152.64999389648438,150.39039611816406,151.89500427246094,2750581
2025-04-08 16:30:00+00:00,148.68499755859375,151.3350067138672,148.5749969482422,151.08999633789062,3791753
2025-04-08 17:30:00+00:00,148.74000549316406,150.42999267578125,148.60000610351562,148.6750030517578,2770777
2025-04-08 18:30:00+00:00,146.92999267578125,150.08999633789062,145.91000366210938,148.74000549316406,3605515
2025-04-08 19:30:00+00:00,146.58999633789062,146.97999572753906,145.2100067138672,146.91000366210938,5373534
2025-04-09 13:30:00+00:00,147.44000244140625,148.4199981689453,145.82000732421875,146.34500122070312,6499025
2025-04-09 14:30:00+00:00,147.39999389648438,148.07000732421875,145.92999267578125,147.52999877929688,2918855
2025-04-09 15:30:00+00:00,148.16000366210938,148.4425048828125,146.1999969482422,147.41000366210938,2370553
2025-04-09 16:30:00+00:00,154.85000610351562,158.08999633789062,146.9199981689453,148.10000610351562,6633962
2025-04-09 17:30:00+00:00,158.61000061035156,158.97979736328125,154.85879516601562,155.0399932861328,8327331
2025-04-09 18:30:00+00:00,158.9600067138672,159.22999572753906,156.3300018310547,158.6300048828125,4817643
2025-04-09 19:30:00+00:00,161.1199951171875,161.8699951171875,158.9199981689453,158.92999267578125,5912383
2025-04-10 13:30:00+00:00,157.32000732421875,160.02999877929688,156.60000610351562,158.75999450683594,6589382
2025-04-10 14:30:00+00:00,156.77999877929688,158.60000610351562,156.7100067138672,157.3699951171875,2701571
2025-04-10 15:30:00+00:00,152.77499389648438,156.92999267578125,152.1999969482422,156.77000427246094,4201901
2025-04-10 16:30:00+00:00,155.10000610351562,156.77000427246094,152.6999969482422,152.80999755859375,5484783
2025-04-10 17:30:00+00:00,156.9199981689453,157.11000061035156,154.57000732421875,155.0,3647677
2025-04-10 18:30:00+00:00,155.10000610351562,157.1199951171875,155.08999633789062,156.94000244140625,3269202
2025-04-10 19:30:00+00:00,155.27000427246094,156.05999755859375,153.94500732421875,155.10000610351562,4052389
2025-04-11 13:30:00+00:00,156.36000061035156,158.8300018310547,155.5850067138672,155.5850067138672,4935101
2025-04-11 14:30:00+00:00,157.27000427246094,158.36000061035156,156.19000244140625,156.41000366210938,3182778
2025-04-11 15:30:00+00:00,158.33999633789062,158.75999450683594,157.1199951171875,157.24000549316406,1770975
2025-04-11 16:30:00+00:00,158.36000061035156,159.75999450683594,158.25999450683594,158.34500122070312,1861989
2025-04-11 17:30:00+00:00,158.82000732421875,159.85000610351562,157.90499877929688,158.3800048828125,1981773
2025-04-11 18:30:00+00:00,159.39500427246094,159.55999755859375,158.4001007080078,158.82000732421875,1794010
2025-04-11 19:30:00+00:00,159.3000030517578,159.8300018310547,158.85000610351562,159.39500427246094,3149656
2025-04-14 13:30:00+00:00,163.4199981689453,163.66000366210938,161.5500030517578,162.3000030517578,4326316
2025-04-14 14:30:00+00:00,162.1750030517578,164.02999877929688,162.15499877929688,163.44000244140625,2168964
2025-04-14 15:30:00+00:00,160.55999755859375,162.49000549316406,160.22500610351562,162.19000244140625,2120911
2025-04-14 16:30:00+00:00,160.89999389648438,161.44000244140625,159.9199981689453,160.5399932861328,1568666
2025-04-14 17:30:00+00:00,161.91000366210938,162.00999450683594,160.52000427246094,160.85000610351562,1098586
2025-04-14 18:30:00+00:00,162.37750244140625,162.7899932861328,161.8000030517578,161.90390014648438,1285958
2025-04-14 19:30:00+00:00,161.49000549316406,162.61000061035156,161.18499755859375,162.36000061035156,2098105
2025-04-15 13:30:00+00:00,159.5399932861328,162.02999877929688,159.24000549316406,161.5,3295940
2025-04-15 14:30:00+00:00,159.30999755859375,160.38999938964844,159.2899932861328,159.55999755859375,1865903
2025-04-15 15:30:00+00:00,159.1699981689453,159.702392578125,158.89999389648438,159.2899932861328,1686471
2025-04-15 16:30:00+00:00,157.91000366210938,159.1999969482422,157.6649932861328,159.18499755859375,1579594
2025-04-15 17:30:00+00:00,158.11500549316406,158.5399932861328,157.64500427246094,157.9149932861328,1183564
2025-04-15 18:30:00+00:00,158.3300018310547,158.6999969482422,158.10000610351562,158.11000061035156,1108592
2025-04-15 19:30:00+00:00,158.61000061035156,158.85000610351562,157.94500732421875,158.36000061035156,1995207
2025-04-16 13:30:00+00:00,156.70899963378906,156.88999938964844,155.02000427246094,155.47999572753906,3459421
2025-04-16 14:30:00+00:00,157.8000030517578,158.1699981689453,156.66000366210938,156.74000549316406,1675938
2025-04-16 15:30:00+00:00,157.36000061035156,157.80999755859375,156.85000610351562,157.80999755859375,1149991
2025-04-16 16:30:00+00:00,157.22500610351562,157.64999389648438,156.99000549316406,157.34500122070312,866297
2025-04-16 17:30:00+00:00,155.7572021484375,157.2100067138672,154.97000122070312,157.2100067138672,2125037
2025-04-16 18:30:00+00:00,154.07000732421875,155.77000427246094,153.91000366210938,155.72999572753906,1659096
2025-04-16 19:30:00+00:00,155.5500030517578,155.97000122070312,154.0800018310547,154.0800018310547,2410670
2025-04-17 13:30:00+00:00,154.89810180664062,157.07000732421875,154.85000610351562,156.63800048828125,3791362
2025-04-17 14:30:00+00:00,152.8699951171875,155.10000610351562,150.89999389648438,154.92999267578125,5242072
2025-04-17 15:30:00+00:00,153.80999755859375,154.05880737304688,152.81500244140625,152.89999389648438,1743853
2025-04-17 16:30:00+00:00,153.19000244140625,154.0399932861328,152.92999267578125,153.77999877929688,1271330
2025-04-17 17:30:00+00:00,153.85000610351562,154.33999633789062,153.1925048828125,153.19500732421875,1234017
2025-04-17 18:30:00+00:00,153.2550048828125,154.19000244140625,152.89999389648438,153.84930419921875,1801351
2025-04-17 19:30:00+00:00,153.30499267578125,153.67999267578125,152.79100036621094,153.24000549316406,1809714
2025-04-21 13:30:00+00:00,149.7899932861328,151.05999755859375,148.97000122070312,150.96499633789062,3111465
2025-04-21 14:30:00+00:00,149.30499267578125,150.23300170898438,149.17999267578125,149.77999877929688,1481476
2025-04-21 15:30:00+00:00,149.00999450683594,149.35000610351562,148.49000549316406,149.30999755859375,1502437
2025-04-21 16:30:00+00:00,148.75979614257812,149.60000610351562,148.57000732421875,149.00999450683594,1055175
2025-04-21 17:30:00+00:00,149.0500030517578,149.14999389648438,148.60020446777344,148.74000549316406,895108
2025-04-21 18:30:00+00:00,148.9600067138672,149.3000030517578,148.39999389648438,149.0500030517578,1271248
2025-04-21 19:30:00+00:00,149.91000366210938,150.19430541992188,148.95010375976562,148.9600067138672,1782021
2025-04-22 13:30:00+00:00,152.00050354003906,152.40989685058594,150.87100219726562,151.23800659179688,2506838
2025-04-22 14:30:00+00:00,153.07000732421875,153.15499877929688,151.72000122070312,151.97999572753906,1582961
2025-04-22 15:30:00+00:00,154.47500610351562,154.61000061035156,152.4499969482422,153.0500030517578,1582047
2025-04-22 16:30:00+00:00,152.22000122070312,154.5,152.08999633789062,154.49000549316406,1450450
2025-04-22 17:30:00+00:00,153.11000061035156,153.2100067138672,152.07000732421875,152.22000122070312,1096691
2025-04-22 18:30:00+00:00,152.5399932861328,153.72000122070312,152.41000366210938,153.16000366210938,1289280
2025-04-22 19:30:00+00:00,153.86000061035156,154.1300048828125,152.4199981689453,152.52000427246094,2134599
2025-04-23 13:30:00+00:00,159.52879333496094,159.94000244140625,157.75,157.91000366210938,4811371
2025-04-23 14:30:00+00:00,157.81500244140625,160.02000427246094,157.4604034423828,159.52000427246094,2160964
2025-04-23 15:30:00+00:00,157.2100067138672,158.0399932861328,156.35000610351562,157.83999633789062,1534370
2025-04-23 16:30:00+00:00,158.0399932861328,158.33999633789062,156.99000549316406,157.21499633789062,992168
2025-04-23 17:30:00+00:00,157.72500610351562,158.43499755859375,157.5399932861328,158.05999755859375,1082288
2025-04-23 18:30:00+00:00,157.22000122070312,158.10000610351562,157.00999450683594,157.72500610351562,1370647
2025-04-23 19:30:00+00:00,157.6300048828125,158.0500030517578,156.76010131835938,157.24000549316406,2276833
2025-04-24 13:30:00+00:00,160.1199951171875,160.34970092773438,158.10000610351562,159.03250122070312,4366447
2025-04-24 14:30:00+00:00,160.00999450683594,160.6300048828125,159.57000732421875,160.1199951171875,1946347
2025-04-24 15:30:00+00:00,160.77999877929688,160.99000549316406,159.83999633789062,160.02999877929688,1697821
2025-04-24 16:30:00+00:00,160.7100067138672,161.0,160.3249969482422,160.7698974609375,1786214
2025-04-24 17:30:00+00:00,160.8000030517578,160.89999389648438,160.32000732421875,160.6999969482422,2510959
2025-04-24 18:30:00+00:00,160.47999572753906,161.4600067138672,160.19000244140625,160.80499267578125,3578606
2025-04-24 19:30:00+00:00,161.24000549316406,161.70799255371094,160.42999267578125,160.48480224609375,3283341
2025-04-25 13:30:00+00:00,164.75,168.24000549316406,164.32000732421875,167.10000610351562,12705871
2025-04-25 14:30:00+00:00,164.8800048828125,165.7899932861328,164.2899932861328,164.75,4159920
2025-04-25 15:30:00+00:00,164.0399932861328,164.94000244140625,163.6501007080078,164.8800048828125,3451964
2025-04-25 16:30:00+00:00,164.86500549316406,165.14999389648438,163.65989685058594,164.02999877929688,3523670
2025-04-25 17:30:00+00:00,163.60000610351562,164.8800048828125,163.15249633789062,164.8800048828125,2837063
2025-04-25 18:30:00+00:00,163.83999633789062,164.3000030517578,163.02999877929688,163.6199951171875,2332004
2025-04-25 19:30:00+00:00,163.77999877929688,164.0399932861328,163.55999755859375,163.77999877929688,2858275
2025-04-28 13:30:00+00:00,161.97999572753906,164.9499969482422,161.8612060546875,164.1300048828125,5852807
2025-04-28 14:30:00+00:00,161.33999633789062,162.85000610351562,161.22999572753906,161.97999572753906,2321153
2025-04-28 15:30:00+00:00,160.67999267578125,161.84649658203125,160.58999633789062,161.30999755859375,2013878
2025-04-28 16:30:00+00:00,160.60000610351562,161.1750030517578,160.5102996826172,160.7191925048828,1529522
2025-04-28 17:30:00+00:00,161.1851043701172,161.41000366210938,160.38009643554688,160.58999633789062,1682060
2025-04-28 18:30:00+00:00,161.95799255371094,161.9949951171875,160.72000122070312,161.2050018310547,1726381
2025-04-28 19:30:00+00:00,162.36000061035156,162.72999572753906,161.67520141601562,161.94000244140625,2091020
2025-04-29 13:30:00+00:00,161.50999450683594,162.1750030517578,159.38999938964844,162.0449981689453,4960959
2025-04-29 14:30:00+00:00,161.24000549316406,162.3699951171875,161.05999755859375,161.5,1805026
2025-04-29 15:30:00+00:00,161.9550018310547,162.0,160.82000732421875,161.24000549316406,1440067
2025-04-29 16:30:00+00:00,161.5449981689453,162.0800018310547,161.0500030517578,161.97000122070312,1371361
2025-04-29 17:30:00+00:00,162.44000244140625,162.6699981689453,161.5,161.53500366210938,1501390
2025-04-29 18:30:00+00:00,162.2100067138672,162.5500030517578,162.00999450683594,162.4499969482422,1311915
2025-04-29 19:30:00+00:00,162.0399932861328,162.44000244140625,161.80999755859375,162.2100067138672,1506770
2025-04-30 13:30:00+00:00,158.86000061035156,159.85400390625,157.15499877929688,159.83999633789062,4204017
2025-04-30 14:30:00+00:00,159.28500366210938,159.60000610351562,158.2595977783203,158.8300018310547,2270099
2025-04-30 15:30:00+00:00,158.9600067138672,159.39500427246094,158.83999633789062,159.27000427246094,1838712
2025-04-30 16:30:00+00:00,159.43499755859375,159.4499969482422,158.3800048828125,158.9600067138672,1463451
2025-04-30 17:30:00+00:00,159.38999938964844,160.2100067138672,159.00010681152344,159.42999267578125,1673672
2025-04-30 18:30:00+00:00,159.4199981689453,159.6999969482422,159.11500549316406,159.38999938964844,1422517
2025-04-30 19:30:00+00:00,160.82000732421875,161.37399291992188,159.39500427246094,159.4199981689453,2619385
2025-05-01 13:30:00+00:00,162.44000244140625,163.15499877929688,160.92999267578125,162.52000427246094,4694555
2025-05-01 14:30:00+00:00,163.3699951171875,163.94000244140625,162.19500732421875,162.4239959716797,2547267
2025-05-01 15:30:00+00:00,162.52059936523438,163.46910095214844,162.26100158691406,163.3800048828125,1920630
2025-05-01 16:30:00+00:00,162.9250030517578,163.25999450683594,162.11000061035156,162.5500030517578,1750864
2025-05-01 17:30:00+00:00,163.3800048828125,163.7100067138672,162.72000122070312,162.93499755859375,1531539
2025-05-01 18:30:00+00:00,163.2899932861328,163.69000244140625,163.0,163.38999938964844,1617452
2025-05-01 19:30:00+00:00,162.75999450683594,163.35899353027344,162.63499450683594,163.27000427246094,2968858
2025-05-02 13:30:00+00:00,165.92999267578125,165.97999572753906,163.66000366210938,164.99000549316406,4307381
2025-05-02 14:30:00+00:00,165.5749969482422,166.4499053955078,165.4199981689453,165.9499969482422,2414296
2025-05-02 15:30:00+00:00,165.97000122070312,166.2100067138672,165.34449768066406,165.5800018310547,2062244
2025-05-02 16:30:00+00:00,165.7843017578125,166.6999969482422,165.74029541015625,165.97999572753906,1416505
2025-05-02 17:30:00+00:00,166.13999938964844,166.25,165.67999267578125,165.77999877929688,1012144
2025-05-02 18:30:00+00:00,165.875,166.3800048828125,165.44000244140625,166.14999389648438,1313811
2025-05-02 19:30:00+00:00,165.7899932861328,166.0399932861328,165.39999389648438,165.87010192871094,1920401
2025-05-05 13:30:00+00:00,166.64419555664062,166.9199981689453,164.47000122070312,164.47000122070312,3606753
2025-05-05 14:30:00+00:00,166.22500610351562,166.94500732421875,166.10000610351562,166.67999267578125,1534678
2025-05-05 15:30:00+00:00,166.6300048828125,166.6699981689453,165.89999389648438,166.21510314941406,1124618
2025-05-05 16:30:00+00:00,166.67010498046875,167.02499389648438,166.42999267578125,166.6999969482422,1073124
2025-05-05 17:30:00+00:00,166.86000061035156,167.08999633789062,166.61000061035156,166.6699981689453,857707
2025-05-05 18:30:00+00:00,166.69000244140625,167.09869384765625,166.5399932861328,166.86000061035156,899989
2025-05-05 19:30:00+00:00,166.13999938964844,166.9499053955078,165.9199981689453,166.67999267578125,1475657
2025-05-06 13:30:00+00:00,165.58999633789062,165.64999389648438,163.1300048828125,163.89999389648438,2799956
2025-05-06 14:30:00+00:00,165.9499969482422,166.0399932861328,165.3350067138672,165.58999633789062,1175093
2025-05-06 15:30:00+00:00,165.83999633789062,166.73500061035156,165.62060546875,165.92999267578125,950731
2025-05-06 16:30:00+00:00,165.625,166.1840057373047,165.52499389648438,165.81480407714844,783553
2025-05-06 17:30:00+00:00,165.67999267578125,165.77999877929688,165.18099975585938,165.62379455566406,822107
2025-05-06 18:30:00+00:00,165.82000732421875,165.88999938964844,165.54409790039062,165.67999267578125,850171
2025-05-06 19:30:00+00:00,165.17999267578125,165.89999389648438,165.13999938964844,165.82000732421875,1377451
2025-05-07 13:30:00+00:00,165.60000610351562,166.97999572753906,165.1300048828125,166.05999755859375,2914916
2025-05-07 14:30:00+00:00,155.8249969482422,165.83999633789062,155.6699981689453,165.58999633789062,15003641
2025-05-07 15:30:00+00:00,150.32000732421875,155.83399963378906,150.27059936523438,155.80999755859375,17679506
2025-05-07 16:30:00+00:00,152.7100067138672,152.74000549316406,149.49009704589844,150.32000732421875,15171209
2025-05-07 17:30:00+00:00,151.22999572753906,152.97999572753906,150.5500030517578,152.72500610351562,8631193
2025-05-07 18:30:00+00:00,151.44000244140625,152.22999572753906,150.31979370117188,151.22720336914062,7641780
2025-05-07 19:30:00+00:00,152.77999877929688,152.9600067138672,151.2801055908203,151.4199981689453,5881471
2025-05-08 13:30:00+00:00,155.41000366210938,155.9499969482422,154.10000610351562,155.85499572753906,13655057
2025-05-08 14:30:00+00:00,155.6300048828125,155.9199981689453,154.77999877929688,155.41000366210938,4933167
2025-05-08 15:30:00+00:00,156.3699951171875,156.82000732421875,155.47000122070312,155.63999938964844,4452059
2025-05-08 16:30:00+00:00,156.4199981689453,156.66000366210938,156.05999755859375,156.36000061035156,2635240
2025-05-08 17:30:00+00:00,156.4199981689453,156.7364959716797,156.1699981689453,156.4250030517578,2249809
2025-05-08 18:30:00+00:00,157.0019989013672,157.41000366210938,156.38540649414062,156.4199981689453,3356731
2025-05-08 19:30:00+00:00,155.75,157.41000366210938,155.4600067138672,157.00999450683594,3452000
2025-05-09 13:30:00+00:00,154.2100067138672,156.4199981689453,154.10499572753906,155.58999633789062,6062436
2025-05-09 14:30:00+00:00,155.09500122070312,155.39999389648438,153.8300018310547,154.21249389648438,3464551
2025-05-09 15:30:00+00:00,154.6199951171875,155.32000732421875,154.22999572753906,155.0800018310547,2229396
2025-05-09 16:30:00+00:00,154.27999877929688,154.73500061035156,154.0,154.5800018310547,1864497
2025-05-09 17:30:00+00:00,154.02000427246094,154.49000549316406,153.89999389648438,154.3000030517578,2010161
2025-05-09 18:30:00+00:00,154.1999969482422,154.39999389648438,153.9145050048828,154.02000427246094,2028311
2025-05-09 19:30:00+00:00,154.35000610351562,154.5,153.99000549316406,154.23609924316406,2335500
2025-05-12 13:30:00+00:00,158.5850067138672,159.83999633789062,158.2028045654297,159.0,8053667
2025-05-12 14:30:00+00:00,158.3300018310547,159.31080627441406,158.22999572753906,158.60000610351562,3054041
2025-05-12 15:30:00+00:00,158.7050018310547,158.74000549316406,157.88980102539062,158.3300018310547,2848976
2025-05-12 16:30:00+00:00,159.52000427246094,160.44000244140625,158.75,158.8300018310547,3987174
2025-05-12 17:30:00+00:00,160.0399932861328,160.22999572753906,159.52999877929688,159.52999877929688,2470615
2025-05-12 18:30:00+00:00,159.5399932861328,160.3699951171875,159.4149932861328,160.0399932861328,2755502
2025-05-12 19:30:00+00:00,159.6199951171875,159.6999969482422,158.97999572753906,159.5399932861328,4185522
2025-05-13 13:30:00+00:00,161.01499938964844,161.42999267578125,157.5850067138672,159.33999633789062,7506251
2025-05-13 14:30:00+00:00,161.3300018310547,161.4199981689453,160.33999633789062,161.00999450683594,3234951
2025-05-13 15:30:00+00:00,161.4149932861328,161.75999450683594,160.97999572753906,161.31500244140625,2643155
2025-05-13 16:30:00+00:00,161.49000549316406,162.05999755859375,161.30169677734375,161.41000366210938,2051907
2025-05-13 17:30:00+00:00,160.8699951171875,161.72000122070312,160.82000732421875,161.50999450683594,1890391
2025-05-13 18:30:00+00:00,160.9398956298828,161.25,160.6300048828125,160.8699951171875,1992615
2025-05-13 19:30:00+00:00,160.80999755859375,161.22000122070312,160.6999969482422,160.92010498046875,2296766
2025-05-14 13:30:00+00:00,164.38999938964844,164.42999267578125,160.92999267578125,161.30999755859375,6203924
2025-05-14 14:30:00+00:00,165.65499877929688,166.14990234375,163.8699951171875,164.42999267578125,5489770
2025-05-14 15:30:00+00:00,168.02999877929688,168.1999969482422,165.43499755859375,165.6199951171875,5531518
2025-05-14 16:30:00+00:00,166.3000030517578,168.33999633789062,165.8699951171875,168.02999877929688,2682101
2025-05-14 17:30:00+00:00,166.64999389648438,167.10000610351562,166.0749969482422,166.2899932861328,2024485
2025-05-14 18:30:00+00:00,166.02999877929688,167.06500244140625,165.8300018310547,166.66000366210938,2489192
2025-05-14 19:30:00+00:00,166.82000732421875,166.8800048828125,165.99000549316406,166.00999450683594,2729276
2025-05-15 13:30:00+00:00,165.8000030517578,167.5,165.39999389648438,167.13999938964844,6376564
2025-05-15 14:30:00+00:00,166.8300018310547,167.02000427246094,165.60000610351562,165.83999633789062,2323978
2025-05-15 15:30:00+00:00,166.51499938964844,167.22999572753906,166.341796875,166.83920288085938,1871757
2025-05-15 16:30:00+00:00,166.35000610351562,166.9499969482422,166.10000610351562,166.49000549316406,1513401
2025-05-15 17:30:00+00:00,164.89999389648438,166.57000732421875,164.61000061035156,166.36000061035156,2570334
2025-05-15 18:30:00+00:00,164.0800018310547,165.17999267578125,163.83999633789062,164.89999389648438,2390195
2025-05-15 19:30:00+00:00,165.39999389648438,165.39999389648438,164.11000061035156,164.11500549316406,2706156
2025-05-16 13:30:00+00:00,168.85499572753906,170.64999389648438,168.39999389648438,168.9550018310547,11359434
2025-05-16 14:30:00+00:00,167.3699951171875,168.86000061035156,166.9499969482422,168.86000061035156,6435631
2025-05-16 15:30:00+00:00,167.8300018310547,168.1199951171875,167.36000061035156,167.36000061035156,2989527
2025-05-16 16:30:00+00:00,167.83999633789062,167.99000549316406,167.4001007080078,167.83999633789062,2148573
2025-05-16 17:30:00+00:00,167.3887939453125,167.86000061035156,166.96499633789062,167.85499572753906,2072074
2025-05-16 18:30:00+00:00,167.71499633789062,168.1649932861328,167.3000030517578,167.38499450683594,3411836
2025-05-16 19:30:00+00:00,167.3800048828125,167.72999572753906,167.16000366210938,167.6999969482422,3398175
2025-05-19 13:30:00+00:00,165.9199981689453,167.22500610351562,165.4320068359375,165.71499633789062,6358319
2025-05-19 14:30:00+00:00,166.3300018310547,166.33999633789062,165.4199981689453,165.9199981689453,2441070
2025-05-19 15:30:00+00:00,166.69000244140625,166.80999755859375,165.9600067138672,166.31500244140625,2150391
2025-05-19 16:30:00+00:00,167.05999755859375,167.35910034179688,166.27999877929688,166.7100067138672,1482133
2025-05-19 17:30:00+00:00,166.7449951171875,167.25999450683594,166.67349243164062,167.05499267578125,1231245
2025-05-19 18:30:00+00:00,166.97999572753906,167.22000122070312,166.74000549316406,166.75,2364553
2025-05-19 19:30:00+00:00,167.86000061035156,167.9499969482422,166.9250030517578,166.97000122070312,1987344
